Daily Time Spent on Instagram,Age,Daily Internet Usage,Ad feed Headline,Location,Sex,Country,Timestamp,Clicked on Feed
82.03,41,187.53,Intuitive dynamic attitude,Pruittmouth,0,Afghanistan,02-05-2016 07:00,0
80.03,44,150.84,Automated static concept,Christinetown,0,Afghanistan,23-07-2016 14:47,1
51.38,59,158.56,Object-based modular functionalities,East Anthony,0,Afghanistan,17-06-2016 17:11,1
77.07,40,261.02,Face-to-face analyzing encryption,Stephenborough,0,Afghanistan,01-03-2016 10:01,0
51.87,50,119.65,Team-oriented dynamic forecast,Kevinberg,0,Afghanistan,10-03-2016 22:28,1
45.99,33,124.61,Face-to-face methodical intranet,South Mark,1,Afghanistan,27-02-2016 15:04,1
61.88,45,108.18,Balanced disintermediate conglomeration,North Debrashire,0,Afghanistan,30-05-2016 08:02,1
68.01,25,188.32,Ameliorated actuating workforce,Kaylashire,1,Afghanistan,01-01-2016 03:35,0
72.84,26,238.63,Progressive empowering alliance,Wongland,0,Albania,08-07-2016 21:18,0
73.84,31,121.05,Programmable uniform productivity,South Jasminebury,0,Albania,18-06-2016 17:23,1
79.72,28,193.8,Configurable tertiary budgetary management,Wrightburgh,1,Albania,20-05-2016 12:17,0
43.63,41,123.25,Exclusive zero tolerance frame,Jordanshire,1,Albania,15-03-2016 14:06,1
80.38,30,238.06,Business-focused holistic benchmark,Port Anthony,0,Albania,10-03-2016 07:07,0
56.46,26,151.63,Ameliorated leadingedge help-desk,South Lisa,0,Albania,07-04-2016 18:52,1
36.73,34,149.79,Multi-lateral attitude-oriented adapter,South Henry,1,Albania,27-06-2016 01:56,1
39.86,36,145.85,Total 5thgeneration standardization,Josephstad,0,Algeria,26-06-2016 17:16,1
70.44,24,178.75,Polarized attitude-oriented superstructure,New Sonialand,1,Algeria,06-06-2016 21:26,0
70.58,26,136.94,Proactive next generation knowledge user,Lake David,0,Algeria,26-02-2016 09:18,1
57.86,30,166.86,Horizontal modular success,Estesfurt,0,Algeria,08-07-2016 17:14,1
78.15,33,194.37,Ergonomic neutral portal,New Maria,0,Algeria,07-03-2016 22:32,0
79.18,31,236.96,Open-source holistic productivity,Lake Danielle,0,Algeria,10-01-2016 20:18,0
47.51,51,130.41,Managed well-modulated collaboration,Bethburgh,1,American Samoa,21-05-2016 01:36,1
87.23,29,202.12,Re-engineered responsive definition,Lake Kevin,0,American Samoa,26-03-2016 19:54,0
35.49,48,159.77,Fully-configurable holistic throughput,Timothyport,0,American Samoa,08-04-2016 14:35,1
82.79,34,132.08,Team-oriented zero-defect initiative,South Aaron,0,American Samoa,01-02-2016 00:52,1
66.03,22,217.37,Pre-emptive next generation strategy,Ashleymouth,0,American Samoa,31-05-2016 23:32,0
46.28,26,228.78,Stand-alone eco-centric system engine,Jacksonstad,1,Andorra,18-04-2016 21:07,1
53.33,34,111.63,Configurable impactful productivity,Courtneyfort,1,Andorra,14-03-2016 04:34,1
72.01,31,251,Horizontal multi-state interface,West Michaelhaven,0,Angola,29-02-2016 12:31,0
62.14,41,110.93,Upgradable multi-tasking initiative,North Andrewstad,1,Angola,23-01-2016 18:59,1
77.69,22,169.88,Horizontal heuristic support,Morganfort,1,Angola,21-06-2016 14:32,0
84.25,32,170.9,Pre-emptive client-driven secured line,New Sean,1,Angola,10-04-2016 06:32,0
36.87,36,195.91,Self-enabling incremental collaboration,New Rebecca,0,Anguilla,28-01-2016 11:50,1
77.6,24,197.33,Open-architected system-worthy task-force,Greghaven,1,Anguilla,26-05-2016 15:40,0
56.34,50,139.02,Multi-channeled mission-critical success,Port Michealburgh,1,Anguilla,17-03-2016 23:39,1
65.07,34,227.53,Monitored explicit hierarchy,Princebury,1,Anguilla,11-03-2016 00:05,0
35.11,35,158.03,Extended analyzing emulation,North Jonathan,1,Anguilla,11-03-2016 13:07,1
74.06,50,246.29,Horizontal intermediate monitoring,Port Jacquelinestad,1,Anguilla,17-06-2016 09:38,0
43.67,31,166.29,Automated directional function,New Theresa,1,Antarctica (the territory South of 60 deg S),28-02-2016 06:41,1
38.37,36,140.46,Multi-layered user-facing paradigm,East John,0,Antarctica (the territory South of 60 deg S),13-05-2016 06:09,1
77.5,28,225.34,Face-to-face responsive alliance,Kennedyfurt,1,Antarctica (the territory South of 60 deg S),13-07-2016 14:05,0
66.4,40,214.42,Digitized heuristic solution,Port Destiny,0,Antigua and Barbuda,05-06-2016 00:29,0
79.81,24,178.85,Proactive context-sensitive project,North Daniel,1,Antigua and Barbuda,31-05-2016 11:44,1
37.45,47,167.86,Horizontal high-level concept,South Johnnymouth,0,Antigua and Barbuda,10-04-2016 03:30,1
46.66,45,118.16,Grass-roots mission-critical emulation,Wrightview,0,Antigua and Barbuda,09-03-2016 02:07,1
37.05,39,142.81,Automated object-oriented firmware,Tracyhaven,1,Antigua and Barbuda,03-02-2016 05:47,1
60.7,49,110.57,Monitored object-oriented Graphic Interface,Port Julie,1,Argentina,19-06-2016 03:19,1
69.35,29,252.77,Seamless 4thgeneration contingency,Ianmouth,1,Argentina,13-02-2016 15:37,0
89.66,34,171.23,Advanced didactic conglomeration,Nicholasport,1,Armenia,03-02-2016 15:15,0
67.71,25,225.76,Synergized intangible open system,Daviesborough,1,Armenia,28-04-2016 02:55,0
67.39,44,107.19,Realigned intermediate application,Josephberg,0,Armenia,24-01-2016 13:41,1
86.41,28,207.48,Digitized static capability,Lake Melindamouth,1,Aruba,01-03-2016 22:13,0
66,48,131.76,Reactive local challenge,Port Jefferybury,1,Australia,07-03-2016 01:40,1
57.7,34,109.07,Phased dynamic customer loyalty,New Tina,0,Australia,14-03-2016 23:13,1
59.51,58,140.83,Assimilated fault-tolerant hub,Penatown,0,Australia,16-06-2016 02:01,1
78.32,28,239.52,Synergized cohesive array,Jamesfurt,0,Australia,26-06-2016 11:52,1
43.84,36,167.42,Public-key real-time definition,Port Jessica,0,Australia,28-06-2016 09:19,1
51.56,46,124.85,Business-focused client-driven forecast,Helenborough,0,Australia,07-01-2016 13:58,1
89.37,34,162.03,Compatible dedicated productivity,Port Stacey,1,Australia,16-04-2016 12:26,0
56.39,58,154.23,Programmable uniform website,West Shannon,0,Australia,14-02-2016 10:06,1
75.15,22,212.87,Universal global intranet,Jamiefort,1,Austria,04-05-2016 12:06,0
62.06,44,105,Adaptive contextually-based methodology,Port Paultown,0,Austria,12-04-2016 14:01,1
83.42,25,183.42,Advanced heuristic firmware,East Toddfort,1,Austria,04-03-2016 14:10,0
78.76,24,219.98,Reactive interactive protocol,Joanntown,1,Austria,08-01-2016 08:08,0
68.72,27,225.97,Fundamental tangible moratorium,New Taylorburgh,0,Austria,23-02-2016 17:37,0
77.63,29,239.22,Upgradable asynchronous circuit,Port Gregory,0,Azerbaijan,14-02-2016 17:05,0
83.4,34,207.87,Polarized multimedia system engine,West Daleborough,0,Azerbaijan,22-05-2016 21:54,0
64.63,45,158.8,Triple-buffered high-level Internet solution,Isaacborough,1,Azerbaijan,12-06-2016 03:11,1
77.95,31,233.65,Inverse asymmetric instruction set,Port Mathew,1,Bahamas,02-06-2016 21:02,0
56.99,40,108.15,Sharable optimal capacity,Brownton,0,Bahamas,16-07-2016 23:08,1
56.2,49,114.85,Adaptive uniform capability,East Georgeside,1,Bahamas,21-04-2016 18:31,1
74.54,24,219.75,Switchable secondary ability,Alexisland,0,Bahamas,30-03-2016 16:15,0
39.36,29,161.79,Mandatory disintermediate info-mediaries,Jeremybury,1,Bahamas,14-01-2016 20:58,1
79.8,28,229.88,Customizable zero-defect Internet solution,West Michaelport,1,Bahamas,08-04-2016 22:40,0
47,56,149.53,Public-key bi-directional Graphical User Interface,New Marcusbury,0,Bahamas,29-04-2016 20:40,1
34.86,38,154.75,Pre-emptive cohesive budgetary management,West Justin,0,Bahrain,18-06-2016 17:56,1
56.39,27,248.12,Configurable tertiary capability,North Tylerland,1,Bahrain,23-03-2016 21:06,0
75.65,39,247.9,Organized upward-trending contingency,Brianabury,1,Bahrain,30-05-2016 02:34,0
37.65,51,161.29,Automated stable help-desk,Davidview,1,Bahrain,09-03-2016 06:22,1
89.71,48,204.4,Versatile local forecast,Sarafurt,1,Bahrain,17-02-2016 07:00,0
79.71,34,211.65,Seamless holistic time-frame,Benjaminchester,1,Bangladesh,02-07-2016 14:57,0
80.51,28,200.28,Robust dedicated system engine,Christopherville,1,Bangladesh,08-01-2016 02:34,0
39.34,43,148.93,Proactive radical support,Alvaradoport,0,Bangladesh,17-04-2016 21:39,1
48.73,27,142.04,Versatile content-based protocol,Monicaview,0,Bangladesh,09-07-2016 16:23,1
42.95,33,143.56,Grass-roots coherent extranet,West William,0,Barbados,24-03-2016 09:31,1
76.2,37,178.51,Multi-layered fresh-thinking process improvement,Karenton,0,Barbados,29-02-2016 19:26,0
79.53,51,244.91,Managed 6thgeneration hierarchy,Reyesfurt,0,Barbados,26-06-2016 04:22,0
61.82,59,151.93,Open-architected needs-based customer loyalty,Olsonside,1,Barbados,06-02-2016 17:48,1
81.75,43,249.45,Progressive 24/7 definition,Lake Jose,0,Barbados,07-06-2016 05:41,0
70.92,41,108.16,Polarized modular function,Lake Jose,1,Belarus,05-05-2016 07:58,1
59.36,49,110.84,Universal multi-state system engine,Amandafort,0,Belarus,01-07-2016 01:12,1
82.72,31,179.82,Cross-group global orchestration,North Monicaville,0,Belarus,17-01-2016 05:07,0
57.82,46,107.56,Centralized asynchronous portal,Brandiland,1,Belarus,06-04-2016 14:16,1
80.99,26,207.53,Centralized clear-thinking Graphic Interface,Melissastad,1,Belarus,10-06-2016 03:56,0
70.09,21,211.17,Automated full-range Internet solution,East Benjaminville,0,Belarus,22-01-2016 12:58,0
68.88,37,179.58,Advanced 5thgeneration capability,Port Whitneyhaven,0,Belgium,09-02-2016 19:37,0
46.2,37,119.3,Distributed maximized ability,Welchshire,0,Belgium,03-04-2016 11:38,1
84.59,36,241.8,Integrated grid-enabled budgetary management,Lake Jillville,1,Belgium,26-04-2016 13:13,0
65.57,46,130.86,Implemented asynchronous application,Reginamouth,0,Belgium,15-04-2016 15:07,1
79.22,27,198.79,Intuitive modular system engine,North Debra,1,Belgium,11-03-2016 12:39,0
43.49,47,127.83,User-centric intangible task-force,Guzmanland,0,Belize,12-01-2016 10:07,1
49.89,39,160.03,Enhanced system-worthy application,East Michele,1,Belize,16-04-2016 12:09,1
44.64,36,127.01,Up-sized incremental encryption,Codyburgh,0,Belize,14-02-2016 06:51,1
84.33,41,240.95,Pre-emptive zero tolerance Local Area Network,Shawstad,0,Belize,16-03-2016 00:28,0
75.8,36,224.9,Multi-layered fresh-thinking neural-net,East Michaelland,0,Belize,21-01-2016 04:30,0
49.58,26,231.94,Self-enabling holistic process improvement,Johnsport,0,Benin,07-04-2016 16:02,0
61.04,41,149.21,Operative didactic Local Area Network,Ronaldport,0,Benin,02-05-2016 15:31,1
80.94,36,239.94,Self-enabling local strategy,North Tiffany,0,Bermuda,01-01-2016 05:31,0
72.23,25,241.03,Focused 24hour implementation,Marcushaven,1,Bhutan,05-07-2016 17:17,0
88.97,45,152.49,Advanced web-enabled standardization,Lake Jessica,0,Bhutan,11-06-2016 18:32,1
68.82,20,205.64,Cross-platform client-server hierarchy,Ramirezland,1,Bolivia,11-07-2016 15:45,0
78.18,23,167.67,Customer-focused full-range neural-net,West Barbara,0,Bolivia,09-06-2016 19:32,0
59.52,44,251.08,Managed 5thgeneration time-frame,Amandaland,1,Bolivia,27-05-2016 18:45,0
76.21,31,228.94,Ameliorated exuding encryption,Lake Timothy,1,Bolivia,19-06-2016 23:21,0
91.1,40,198.13,Secured intermediate approach,Michaelmouth,1,Bolivia,07-03-2016 22:51,0
72.18,30,225.02,De-engineered attitude-oriented projection,Lisamouth,0,Bolivia,10-06-2016 22:21,0
79.52,24,214.23,Synergistic fresh-thinking array,North Tara,0,Bosnia and Herzegovina,20-04-2016 21:49,0
79.36,34,245.78,Profound maximized workforce,Hessstad,1,Bosnia and Herzegovina,28-04-2016 22:54,0
87.26,35,184.03,Multi-layered tangible portal,New Paul,0,Bosnia and Herzegovina,12-05-2016 04:35,0
52.84,51,121.57,Synergistic asynchronous superstructure,Melissachester,1,Bosnia and Herzegovina,29-06-2016 10:50,1
75.55,36,123.71,Decentralized attitude-oriented interface,South Davidmouth,1,Bosnia and Herzegovina,12-03-2016 06:05,1
72.55,22,202.34,Balanced empowering success,New Cynthia,0,Bosnia and Herzegovina,08-02-2016 07:33,0
51.3,45,134.42,Grass-roots cohesive monitoring,New Darlene,1,Bosnia and Herzegovina,22-04-2016 02:07,1
76.02,22,209.82,Business-focused value-added definition,West Guybury,0,Bouvet Island (Bouvetoya),27-01-2016 12:38,0
46.13,31,139.01,Customer-focused optimizing moderator,Davidmouth,0,Bouvet Island (Bouvetoya),01-02-2016 09:00,1
70.79,31,184.1,Distributed tertiary system engine,Sharpberg,0,Bouvet Island (Bouvetoya),15-03-2016 15:49,0
85.86,34,208.23,Networked high-level structure,New Jeffreychester,0,Bouvet Island (Bouvetoya),23-05-2016 02:15,0
43.67,53,143.79,Cloned analyzing artificial intelligence,South Tiffanyton,1,Bouvet Island (Bouvetoya),21-07-2016 21:16,1
59.59,42,104.78,Re-engineered demand-driven capacity,Samanthaland,1,Brazil,06-07-2016 18:36,1
76.49,23,181.11,Public-key asynchronous matrix,Sherrishire,0,Brazil,25-03-2016 05:05,0
78.35,46,253.48,Pre-emptive client-server open system,Parkerhaven,0,Brazil,11-01-2016 02:07,0
50.6,48,135.67,Customer-focused fault-tolerant implementation,Port Michaelmouth,0,Brazil,15-01-2016 22:49,1
45.01,26,178.35,Virtual 5thgeneration emulation,Ronniemouth,0,Brazil,03-06-2016 21:43,1
54.7,36,118.39,Grass-roots solution-oriented conglomeration,Jessicastad,1,British Indian Ocean Territory (Chagos Archipelago),13-02-2016 07:53,1
70.2,34,119.2,Open-architected impactful productivity,Palmerside,0,British Virgin Islands,14-04-2016 05:08,1
73.18,23,196.71,Organized static focus group,Hollandberg,1,British Virgin Islands,04-04-2016 07:07,0
80.55,35,219.91,Extended grid-enabled hierarchy,Port Brittanyville,0,British Virgin Islands,28-03-2016 23:01,0
76.06,23,201.04,Diverse multi-tasking parallelism,New Tinamouth,0,Brunei Darussalam,27-04-2016 04:28,0
76.56,30,213.75,Business-focused high-level hardware,Greentown,0,Brunei Darussalam,08-03-2016 10:39,0
51.58,33,115.91,Vision-oriented system-worthy forecast,Johnsontown,0,Brunei Darussalam,24-04-2016 13:46,1
79.51,39,125.11,Proactive non-volatile encryption,North Charlesbury,1,Brunei Darussalam,06-03-2016 09:33,1
82.79,32,234.81,Distributed fault-tolerant service-desk,Lake Zacharyfurt,1,Brunei Darussalam,24-02-2016 10:36,0
86.06,32,178.92,Focused upward-trending core,North Leonmouth,1,Bulgaria,31-03-2016 20:55,0
61.57,53,125.94,Progressive 24hour forecast,Bradyfurt,1,Bulgaria,14-03-2016 14:13,1
65.1,49,118.1,Up-sized real-time methodology,West Kevinfurt,1,Bulgaria,01-06-2016 03:44,1
88.85,40,213.96,Cloned optimal leverage,Cannonbury,0,Bulgaria,17-01-2016 18:45,0
37.58,52,176.7,Exclusive disintermediate Internet solution,Cameronberg,1,Bulgaria,13-04-2016 13:04,1
67.26,57,168.41,Focused incremental Graphic Interface,North Derekville,1,Bulgaria,27-05-2016 05:54,1
76.24,40,198.32,Managed impactful definition,Bakerhaven,1,Burkina Faso,31-05-2016 23:42,0
85.24,31,182.84,Optional contextually-based flexibility,Harrisonmouth,1,Burkina Faso,17-06-2016 03:23,0
74.27,37,247.05,Monitored executive architecture,Andrewmouth,1,Burkina Faso,31-01-2016 09:57,0
66.79,60,198.3,Decentralized client-driven data-warehouse,Shelbyport,1,Burkina Faso,07-04-2016 20:34,1
83.07,37,230.87,Team-oriented grid-enabled Local Area Network,East Theresashire,1,Burundi,08-05-2016 08:10,0
41.49,52,164.83,Mandatory disintermediate utilization,South John,0,Burundi,20-05-2016 08:49,1
85.61,27,183.43,Customer-focused empowering ability,Lake Amy,0,Burundi,30-04-2016 08:07,0
72.08,29,169.5,Stand-alone national attitude,Smithburgh,0,Burundi,09-03-2016 14:45,0
78.17,27,192.27,Automated mobile model,Portermouth,1,Burundi,26-04-2016 20:57,0
83.91,29,222.87,Distributed bifurcated challenge,Haleberg,0,Burundi,04-01-2016 22:27,0
40.47,38,203.9,Sharable 5thgeneration access,Fraziershire,0,Burundi,22-07-2016 07:44,1
87.98,38,222.11,Focused scalable complexity,West Roytown,1,Cambodia,31-03-2016 10:44,0
33.52,43,165.56,Vision-oriented optimizing middleware,Jessicahaven,0,Cambodia,09-05-2016 21:54,1
79.54,44,217.68,Centralized multi-state hierarchy,Sandraland,1,Cambodia,05-01-2016 16:34,0
83.49,33,190.75,Polarized logistical hub,Samuelborough,1,Cambodia,03-06-2016 17:32,0
59.61,21,198.45,Future-proofed coherent budgetary management,Port James,1,Cambodia,06-04-2016 05:55,0
42.6,55,168.29,Switchable analyzing encryption,Lake Ian,0,Cambodia,11-07-2016 18:12,1
78.67,26,195.56,Proactive 5thgeneration frame,Lake Michaelport,0,Cambodia,20-02-2016 09:54,0
77.22,30,224.44,Object-based reciprocal knowledgebase,Port Jacqueline,1,Cameroon,05-01-2016 07:52,0
84.59,35,226.54,Streamlined non-volatile analyzer,Lake Nicole,1,Cameroon,18-03-2016 13:22,0
84.79,33,214.53,Managed eco-centric encoding,New Juan,0,Cameroon,30-03-2016 19:09,0
80.71,26,200.58,Team-oriented context-sensitive installation,East Christopherbury,0,Cameroon,24-06-2016 05:50,0
67.76,31,242.59,Programmable high-level benchmark,Anthonyfurt,0,Cameroon,24-05-2016 17:42,0
62.42,29,198.5,Upgradable optimizing toolset,Jasminefort,1,Canada,10-03-2016 23:36,0
84.73,30,153.76,Synchronized leadingedge help-desk,Aliciatown,0,Canada,21-02-2016 07:42,1
42.05,51,174.55,Configurable 24/7 hub,West Eduardotown,1,Canada,20-06-2016 14:20,1
76.79,27,235.94,Open-architected intangible strategy,Wademouth,0,Canada,01-05-2016 23:21,0
54.55,44,109.04,Re-engineered optimal policy,West Gabriellamouth,0,Canada,04-02-2016 03:10,1
81.75,24,190.08,Open-architected web-enabled benchmark,Kevinchester,1,Cape Verde,29-04-2016 18:53,0
80.3,58,173.43,Managed client-server access,East Breannafurt,0,Cayman Islands,04-04-2016 20:01,1
84.29,30,160.33,Team-oriented transitional methodology,Lake Johnbury,1,Cayman Islands,26-06-2016 02:06,1
74.18,28,203.87,Front-line even-keeled website,Lake Lisa,0,Cayman Islands,20-01-2016 02:31,0
70.39,32,261.52,Phased 5thgeneration open system,Sabrinaview,1,Cayman Islands,12-07-2016 10:56,0
78.96,50,193.15,Stand-alone well-modulated product,East Jason,0,Cayman Islands,12-02-2016 01:55,1
77.51,36,200.55,Total 5thgeneration encoding,North Kristine,0,Central African Republic,01-07-2016 04:41,0
39.53,33,142.21,Intuitive transitional artificial intelligence,New Teresa,1,Central African Republic,01-06-2016 12:27,1
86.69,34,198.56,Customer-focused attitude-oriented instruction set,South Jennifer,0,Chad,27-05-2016 06:19,0
37.32,50,199.25,Versatile dedicated software,New Nancy,1,Chad,30-03-2016 23:40,1
81.11,39,248.19,Total cohesive moratorium,South Robert,1,Chad,13-07-2016 11:41,0
54.47,23,141.52,Vision-oriented bifurcated contingency,Holderville,0,Chad,26-03-2016 19:37,1
43.6,38,170.49,Virtual bandwidth-monitored initiative,North Ricardotown,0,Chile,11-01-2016 07:36,1
72.07,31,226.45,Grass-roots eco-centric instruction set,Port Jessicamouth,0,Chile,16-04-2016 16:38,0
57.64,36,110.25,Robust web-enabled attitude,North Maryland,1,Chile,18-01-2016 15:18,1
55.77,49,117.33,Fully-configurable high-level groupware,East Shawn,1,Chile,15-03-2016 14:33,1
44.57,31,133.17,Adaptive context-sensitive application,Joneston,1,China,27-03-2016 09:11,1
79.97,44,216,Programmable empowering middleware,Mariebury,0,China,13-07-2016 01:48,0
41.7,39,126.95,Innovative regional structure,Jensenton,0,China,27-05-2016 05:35,1
71.03,55,150.77,Programmable didactic capacity,Port Georgebury,0,China,12-03-2016 07:18,1
87.16,33,197.15,Reduced holistic help-desk,Blairville,0,China,11-02-2016 11:50,0
45.44,43,119.27,Enhanced intermediate standardization,Mezaton,0,China,04-05-2016 05:01,1
45.96,45,141.22,Streamlined cohesive conglomeration,Robertfurt,0,Christmas Island,03-06-2016 00:55,1
42.39,42,150.99,De-engineered mobile infrastructure,Erinton,0,Christmas Island,28-04-2016 05:50,1
72.44,34,230.14,Customizable tangible hierarchy,Bruceburgh,0,Christmas Island,15-04-2016 14:45,0
80.05,25,219.94,Networked stable open architecture,Lindaside,1,Christmas Island,08-03-2016 05:48,0
38.35,33,145.48,Horizontal global leverage,Port Christopher,1,Christmas Island,16-06-2016 20:24,1
87.27,30,204.27,Fully-configurable 5thgeneration circuit,West Melissashire,1,Christmas Island,06-03-2016 06:51,1
70.68,31,199.08,Configurable multi-state utilization,Robertbury,0,Colombia,17-07-2016 01:58,0
41.35,27,162.46,Streamlined homogeneous analyzer,Hintonport,1,Colombia,03-03-2016 03:51,1
79.67,28,226.79,Total grid-enabled application,Charlesbury,0,Comoros,20-07-2016 01:56,0
38.96,38,140.67,Versatile mission-critical application,Mauricefurt,1,Comoros,21-07-2016 16:02,1
90.97,37,180.77,Multi-lateral empowering throughput,Kimberlytown,0,Congo,16-02-2016 18:21,0
43.59,36,132.31,Re-engineered context-sensitive knowledge user,Lake Susan,1,Congo,26-05-2016 13:43,1
69.58,43,255.07,Cross-group value-added success,Port Katelynview,0,Congo,04-04-2016 18:36,1
49.42,53,128,Ameliorated well-modulated complexity,Jacquelineshire,1,Congo,07-07-2016 18:07,1
55.35,39,153.17,De-engineered object-oriented protocol,East Tammie,1,Cook Islands,08-03-2016 00:37,1
88.89,35,218.8,Balanced 4thgeneration success,East Deborahhaven,1,Cook Islands,17-07-2016 18:55,0
65.65,25,224.92,Intuitive explicit firmware,Sandraville,1,Cook Islands,03-06-2016 06:34,0
80.46,27,207.96,Digitized zero administration paradigm,Port Chasemouth,1,Costa Rica,04-02-2016 02:13,0
80.72,31,186.37,Re-engineered neutral success,Juliaport,0,Costa Rica,19-04-2016 05:15,0
86.63,39,209.64,Face-to-face multimedia success,New Jessicaport,1,Costa Rica,06-04-2016 21:20,0
71.9,29,193.29,De-engineered intangible flexibility,Williamsside,1,Costa Rica,24-04-2016 07:20,0
57.99,50,124.58,Innovative homogeneous alliance,New Angelview,0,Costa Rica,12-02-2016 08:46,1
40.88,33,136.18,Networked non-volatile synergy,West Shannon,1,Costa Rica,31-05-2016 17:50,1
64.1,22,215.93,Seamless object-oriented structure,East Tiffanyport,0,Cote d'Ivoire,01-04-2016 16:21,0
41.73,47,144.71,Proactive client-server productivity,Andersonchester,0,Cote d'Ivoire,08-04-2016 22:48,1
66.12,49,113.8,Stand-alone motivating moratorium,South Alexisborough,0,Cote d'Ivoire,15-02-2016 07:27,1
56.16,25,164.25,Seamless motivating approach,Millerbury,1,Cote d'Ivoire,22-01-2016 19:43,1
80.6,31,177.55,Sharable bottom-line solution,Thomasview,0,Croatia,07-04-2016 03:56,0
76.9,28,212.67,Synchronized multimedia model,Murphymouth,0,Croatia,22-04-2016 08:31,0
80.59,37,224.23,Robust responsive collaboration,Lake Courtney,0,Croatia,21-07-2016 23:14,0
83.97,40,158.42,Progressive asynchronous adapter,West Lisa,1,Croatia,02-02-2016 11:49,0
70.13,31,224.98,Profit-focused systemic support,Johnsonfort,0,Croatia,16-05-2016 23:21,0
70.05,33,203.44,Diverse directional hardware,North Raymond,0,Croatia,24-03-2016 17:48,0
51.24,36,176.73,Versatile transitional monitoring,Timothyfurt,0,Cuba,03-01-2016 16:01,1
41.73,28,202.18,Sharable dedicated Graphic Interface,Port Erikhaven,1,Cuba,07-01-2016 19:16,1
80.91,32,231.42,Enterprise-wide bi-directional secured line,Derrickhaven,0,Cuba,31-01-2016 04:10,0
66.08,61,184.23,Synchronized multi-tasking ability,Klineside,1,Cuba,07-01-2016 23:02,1
44.13,40,128.48,Ameliorated discrete extranet,West Derekmouth,1,Cuba,03-03-2016 20:20,1
41.89,38,163.38,Compatible systemic function,Hartmanchester,0,Cyprus,03-02-2016 04:21,1
75.84,21,186.98,Reactive bi-directional workforce,Hayesmouth,0,Cyprus,07-02-2016 07:41,0
89,37,222.26,Devolved regional moderator,Jordanmouth,1,Cyprus,26-01-2016 15:56,0
69.15,46,112.72,Automated multi-state toolset,Richardsonshire,0,Cyprus,24-07-2016 00:22,1
66.83,46,196.17,Assimilated hybrid initiative,North Jeremyport,1,Cyprus,28-02-2016 23:10,0
41.84,49,139.32,Operative secondary functionalities,Lake Vanessa,0,Cyprus,01-05-2016 08:27,1
91.15,38,184.98,Robust uniform framework,Joshuamouth,0,Cyprus,22-02-2016 07:04,0
41.88,40,126.11,Streamlined exuding adapter,Port Rachel,1,Cyprus,28-02-2016 23:54,1
68.18,21,218.17,Switchable 3rdgeneration hub,Sanchezmouth,1,Czech Republic,09-02-2016 22:04,0
37.47,44,141.89,Realigned content-based leverage,Port Lawrence,1,Czech Republic,26-01-2016 03:56,1
34.87,40,200.23,Configurable logistical Graphical User Interface,Davilachester,0,Czech Republic,12-06-2016 17:52,1
65.9,22,211.39,De-engineered tertiary secured line,Hartport,0,Czech Republic,16-07-2016 14:13,0
71.9,54,140.15,Inverse zero tolerance customer loyalty,Timothymouth,1,Czech Republic,22-04-2016 20:32,1
72.92,29,217.1,Customizable mission-critical adapter,Port Melissastad,1,Czech Republic,15-03-2016 17:33,0
74.71,46,258.06,Proactive local focus group,Port Eugeneport,1,Czech Republic,13-06-2016 11:06,0
55.04,42,106.96,Quality-focused optimizing parallelism,Hernandezside,1,Czech Republic,15-06-2016 05:43,1
72.82,34,191.82,User-centric discrete success,Jonesmouth,1,Czech Republic,27-01-2016 16:06,0
76.07,36,235.56,Implemented bottom-line implementation,West Michaelshire,0,Denmark,23-01-2016 01:42,0
73.21,30,252.6,Networked logistical info-mediaries,Lake Jessicaville,1,Denmark,12-05-2016 20:57,1
37.74,40,190.95,Balanced uniform algorithm,Lake James,0,Denmark,27-05-2016 12:45,1
58.21,37,105.94,Open-source global strategy,Pattymouth,0,Djibouti,07-02-2016 17:06,1
84.31,29,225.87,Object-based optimal solution,West Dannyberg,0,Djibouti,06-01-2016 21:43,0
57.64,57,133.81,Synchronized dedicated service-desk,New Thomas,1,Dominica,15-03-2016 03:12,1
70.41,27,223.03,Centralized systematic knowledgebase,Benjaminchester,0,Dominica,04-04-2016 21:30,0
49.78,46,152.24,Enterprise-wide client-driven contingency,Heatherberg,0,Dominica,29-06-2016 02:43,1
76.56,34,221.53,Universal bi-directional extranet,Jeremyshire,1,Dominica,23-04-2016 08:15,0
82.58,38,225.23,Open-architected zero administration secured line,West Samantha,1,Dominica,11-03-2016 14:50,0
74.63,26,235.99,Enhanced asymmetric installation,New Traceystad,1,Dominican Republic,05-07-2016 20:16,0
56.66,42,139.42,Upgradable asymmetric emulation,Lake Jesus,0,Dominican Republic,20-02-2016 10:52,1
57.11,22,207.17,Self-enabling tertiary challenge,Lake Jonathanview,1,Dominican Republic,07-06-2016 23:46,0
82.49,45,130.84,Assimilated multi-state paradigm,Williamsfort,0,Dominican Republic,31-05-2016 00:58,1
76.7,36,222.25,Open-source coherent monitoring,West Russell,0,Ecuador,12-06-2016 05:31,0
32.99,45,177.46,Phased full-range hardware,Masseyshire,0,Ecuador,30-04-2016 19:42,1
40.01,53,161.77,Sharable multimedia conglomeration,East Brettton,0,Ecuador,01-03-2016 22:06,1
76.83,28,192.81,Quality-focused 5thgeneration orchestration,Wintersfort,0,Ecuador,04-03-2016 14:33,0
85.35,37,161.42,Exclusive multi-state Internet solution,Claytonside,1,Ecuador,17-02-2016 11:15,0
69.57,48,113.12,Centralized content-based focus group,West Katiefurt,1,Egypt,03-06-2016 01:14,1
35.61,46,158.22,Up-sized secondary software,North Michael,0,Egypt,28-03-2016 08:46,1
79.57,31,230.93,User-friendly asymmetric info-mediaries,Lisaberg,0,Egypt,17-05-2016 04:27,0
43.41,28,160.73,Customer-focused zero-defect process improvement,Lovemouth,0,Egypt,05-02-2016 15:26,1
82.8,30,223.2,Enhanced systemic benchmark,West Steven,1,Egypt,07-05-2016 08:39,0
73.71,23,211.38,Inverse local hub,New Sheila,1,El Salvador,15-02-2016 05:35,0
35.98,47,165.52,Focused 3rdgeneration pricing structure,West Jane,1,El Salvador,10-03-2016 23:26,1
81.1,29,216.49,Front-line dynamic model,Port Stacy,1,El Salvador,08-07-2016 03:47,0
68.58,41,171.54,Exclusive discrete firmware,New Williamville,1,El Salvador,06-07-2016 12:04,1
77.36,41,115.79,Fully-configurable asynchronous firmware,Port Jennifer,0,El Salvador,26-02-2016 06:00,1
34.04,34,174.88,Reverse-engineered context-sensitive emulation,Elizabethport,1,El Salvador,16-02-2016 07:37,1
41.28,50,140.39,Universal 24/7 implementation,East Rachelview,0,Equatorial Guinea,29-01-2016 03:54,1
64.88,42,129.8,Customizable systematic service-desk,West Chloeborough,1,Equatorial Guinea,14-02-2016 22:23,1
68.68,34,187.03,Sharable encompassing database,Lake Jenniferton,1,Equatorial Guinea,15-07-2016 09:42,0
52.17,44,115.37,Optional modular throughput,New Julianberg,1,Equatorial Guinea,24-02-2016 06:17,1
71,22,211.87,Extended systemic policy,Andersonton,0,Eritrea,14-03-2016 06:46,0
36.31,47,168.92,Reverse-engineered well-modulated capability,East Yvonnechester,0,Eritrea,18-04-2016 00:49,1
65.77,21,218.61,Function-based fault-tolerant model,Contrerasshire,1,Eritrea,18-03-2016 17:35,0
71.05,20,204.22,Self-enabling asynchronous knowledge user,Jenniferstad,1,Eritrea,13-06-2016 22:41,0
47.48,31,141.34,Reverse-engineered 24hour hardware,Yuton,0,Eritrea,30-06-2016 00:19,1
75,29,230.36,Secured upward-trending benchmark,Perezland,1,Eritrea,16-02-2016 02:29,0
45.82,27,171.24,Expanded full-range synergy,Adamside,1,Eritrea,10-02-2016 20:43,1
75.83,27,200.59,Managed upward-trending instruction set,East Brianberg,0,Estonia,04-03-2016 10:13,0
87.3,35,216.87,Triple-buffered regional toolset,North Loriburgh,0,Estonia,09-01-2016 07:28,0
36.44,39,147.64,Configurable disintermediate throughput,Port Patrickton,1,Estonia,31-05-2016 06:21,1
46.61,42,136.18,Progressive intermediate throughput,Catherinefort,0,Ethiopia,01-01-2016 20:17,1
63.26,29,120.46,Customizable holistic archive,East Donna,1,Ethiopia,02-03-2016 04:02,1
52.13,50,118.27,Open-source even-keeled database,West Raymondmouth,1,Ethiopia,28-01-2016 17:03,1
46.14,28,137.97,Seamless bandwidth-monitored knowledge user,Markhaven,1,Ethiopia,04-04-2016 13:56,1
46.43,28,137.2,Reverse-engineered background Graphic Interface,Brianland,1,Ethiopia,25-04-2016 03:18,1
41.86,39,128.62,Open-source stable paradigm,Hawkinsbury,1,Ethiopia,26-03-2016 15:28,1
35.98,45,150.79,Front-line fresh-thinking installation,Huffmanchester,0,Ethiopia,27-06-2016 21:51,1
89.05,45,206.98,Polarized bandwidth-monitored moratorium,Stewartbury,0,Falkland Islands (Malvinas),03-04-2016 10:07,0
38.94,41,142.67,Optional mission-critical functionalities,Lewismouth,1,Falkland Islands (Malvinas),15-07-2016 09:08,1
61.09,26,131.68,User-friendly well-modulated leverage,East Kevinbury,1,Falkland Islands (Malvinas),09-04-2016 16:31,1
65.22,30,240.09,Fully-configurable foreground solution,Michaelland,1,Falkland Islands (Malvinas),07-05-2016 15:16,0
49.81,35,120.06,Seamless real-time array,Ramirezhaven,1,Faroe Islands,05-01-2016 04:18,1
69.11,42,231.48,Face-to-face mission-critical definition,Novaktown,1,Faroe Islands,21-04-2016 12:34,0
51.68,49,258.62,Seamless cohesive conglomeration,Katieport,0,Faroe Islands,28-06-2016 12:51,1
50.08,30,123.91,Sharable grid-enabled matrix,West Ericfurt,0,Fiji,03-01-2016 05:34,1
84.08,30,187.36,Face-to-face intermediate approach,Carterburgh,1,Fiji,13-01-2016 02:58,0
76.81,28,217.85,Managed zero tolerance concept,East Paul,1,Fiji,03-07-2016 12:57,0
89.15,42,171.07,Phased zero administration success,Townsendfurt,0,Fiji,25-04-2016 07:30,0
55.92,24,145.08,Focused systemic benchmark,Taylorhaven,0,Fiji,31-05-2016 21:41,1
49.13,32,120.49,Optimized intermediate help-desk,Morganport,0,Fiji,29-01-2016 00:45,1
83.69,36,192.57,Robust context-sensitive neural-net,Shelbyport,0,Fiji,23-03-2016 05:27,0
65.65,30,158.05,Up-sized tertiary contingency,Ramosstad,0,Finland,02-07-2016 21:22,0
46.08,30,164.63,Synergistic value-added extranet,Brownport,1,Finland,21-07-2016 10:54,1
67.05,25,220.92,Realigned scalable standardization,Richardsontown,0,Finland,26-02-2016 09:54,0
67.69,37,216.57,Monitored content-based implementation,Lake Jasonchester,0,Finland,18-07-2016 18:33,0
83.16,41,194.95,Decentralized 24hour approach,Robinsonland,0,Finland,04-01-2016 04:00,0
56.7,48,123.13,Progressive non-volatile neural-net,Port Crystal,0,France,09-01-2016 04:53,1
73.89,39,110.68,Horizontal national architecture,North April,0,France,20-04-2016 00:41,1
75.15,33,219.49,Synchronized zero tolerance product,Smithtown,1,France,19-06-2016 18:19,0
87.97,35,149.25,Secured secondary superstructure,Port Brianfort,1,France,24-03-2016 05:38,0
40.19,37,136.99,Right-sized system-worthy project,Adamsbury,0,France,18-01-2016 02:51,1
71.14,30,224.82,Assimilated stable encryption,Newmanberg,0,France,21-06-2016 00:52,0
44.4,53,140.95,Phased zero-defect portal,Mariahview,1,France,30-06-2016 00:43,1
54.97,31,116.38,Virtual bifurcated portal,Robinsontown,1,France,07-07-2016 12:17,1
66.47,31,256.39,Vision-oriented human-resource synergy,Lindsaymouth,1,France,03-03-2016 03:13,0
46.37,52,144.27,De-engineered solution-oriented open architecture,Alexanderfurt,0,French Guiana,05-01-2016 00:02,1
53.38,35,120.06,Total local synergy,Alexanderview,1,French Guiana,30-03-2016 01:05,1
48.86,54,134.46,Proactive encompassing paradigm,Perryburgh,0,French Guiana,09-01-2016 17:33,1
78.01,26,200.71,Focused multi-state workforce,Donaldshire,1,French Guiana,28-03-2016 02:29,0
81.99,33,230.9,Inverse bi-directional knowledge user,Taylorport,0,French Polynesia,15-02-2016 14:13,0
59.88,30,193.63,Reverse-engineered content-based intranet,West Michaelstad,1,French Polynesia,02-03-2016 05:11,0
91.43,39,209.91,Organic motivating model,West Carmenfurt,1,French Polynesia,07-07-2016 03:55,0
87.85,31,210.27,Compatible scalable emulation,New Patriciashire,1,French Polynesia,14-06-2016 19:48,0
43.57,36,125.2,Front-line upward-trending groupware,Lake Joshuafurt,1,French Polynesia,25-06-2016 17:33,1
85.84,32,192.85,Up-sized 6thgeneration moratorium,Jonesland,1,French Southern Territories,09-06-2016 21:43,0
74.65,28,212.56,Robust transitional ability,East Timothy,0,French Southern Territories,17-03-2016 05:00,0
45.05,42,141.36,Digitized contextually-based product,South Kyle,0,French Southern Territories,05-05-2016 11:09,1
73.38,25,236.19,Horizontal transitional challenge,South Corey,1,French Southern Territories,21-04-2016 09:30,0
61.87,35,250.2,Multi-channeled attitude-oriented toolset,North Johnside,1,French Southern Territories,10-07-2016 19:15,0
80.39,31,214.74,Fully-configurable incremental Graphical User Interface,Paulport,0,Gabon,03-05-2016 08:21,0
65.8,25,231.49,Expanded radical software,Clineshire,1,Gabon,18-03-2016 16:04,0
77.66,29,168.15,Operative scalable emulation,Reyesland,0,Gabon,19-06-2016 22:08,0
77.44,28,210.39,Front-line incremental access,Lake Jacob,0,Gabon,10-06-2016 04:21,0
64.38,19,180.47,Configurable dynamic secured line,West Alice,1,Gabon,27-05-2016 05:23,0
82.3,31,232.21,Balanced executive definition,Davieshaven,0,Gabon,16-04-2016 08:36,0
37.87,52,188.56,Phased analyzing emulation,Robertsonburgh,1,Gambia,25-05-2016 20:10,1
79.36,33,234.72,Cross-platform directional intranet,East Susanland,1,Gambia,02-01-2016 04:50,0
35.65,40,172.58,Seamless intangible secured line,North Johntown,1,Georgia,10-05-2016 07:22,1
76.59,29,211.64,Reverse-engineered maximized focus group,Calebberg,0,Georgia,18-06-2016 05:17,0
82.69,29,167.41,Fully-configurable eco-centric frame,Rachelhaven,1,Georgia,24-05-2016 10:16,0
63.18,45,107.92,Reactive upward-trending migration,Hansenland,0,Georgia,05-03-2016 12:03,1
82.12,52,201.15,Fully-configurable client-driven customer loyalty,East Dana,1,Germany,03-02-2016 10:40,1
69.88,20,183.82,Mandatory homogeneous architecture,Ramirezton,1,Ghana,11-07-2016 01:42,0
39.86,28,161.24,Ergonomic zero tolerance encoding,East Sharon,0,Ghana,23-02-2016 13:55,1
74.07,22,165.43,Cross-group non-volatile secured line,Joneston,1,Ghana,22-03-2016 04:13,0
78.76,51,162.05,Face-to-face modular budgetary management,South Davidhaven,0,Ghana,23-07-2016 04:04,1
83.86,31,190.25,Up-sized executive moderator,Lake Josetown,0,Gibraltar,05-02-2016 19:06,0
88.12,38,230.91,Realigned next generation projection,Hurleyborough,0,Gibraltar,17-02-2016 07:05,0
87.35,35,158.29,Cloned dedicated analyzer,Carsonshire,1,Gibraltar,26-01-2016 02:47,0
51.95,52,129.23,Monitored systematic hierarchy,South Cathyfurt,0,Greece,19-07-2016 08:32,1
50.08,40,125.85,Ergonomic full-range time-frame,Whiteport,1,Greece,10-04-2016 02:02,1
86.19,31,210.26,Pre-emptive executive knowledgebase,Lopezmouth,1,Greece,08-05-2016 12:51,0
79.44,26,206.79,Public-key zero-defect analyzer,West Thomas,0,Greece,15-05-2016 13:18,0
59.12,33,124.54,Synergistic stable infrastructure,Silvaton,0,Greece,12-05-2016 21:32,1
84.81,32,233.93,Multi-layered stable encoding,Brownbury,1,Greece,04-07-2016 23:17,0
86.53,46,233.36,Networked responsive application,Colemanshire,0,Greece,29-06-2016 01:19,0
78.51,25,205.71,Focused web-enabled Graphical User Interface,Riggsstad,1,Greece,17-01-2016 13:27,0
79.15,26,203.23,Intuitive explicit conglomeration,Port Robin,0,Greenland,20-01-2016 19:09,0
53.14,38,109,Automated web-enabled migration,West Julia,1,Greenland,03-07-2016 22:13,1
80.15,25,214.49,Monitored intermediate circuit,West Wendyland,0,Greenland,18-07-2016 02:51,0
75.81,40,229.19,Inverse zero-defect capability,Sanchezland,0,Greenland,27-03-2016 19:50,0
68.25,29,220.08,Phased fault-tolerant definition,Wagnerchester,0,Greenland,15-02-2016 16:18,0
74.53,30,221.51,Configurable coherent function,West Colin,1,Grenada,18-04-2016 09:33,0
50.18,35,127.82,Customizable hybrid system engine,Sandrashire,1,Grenada,20-06-2016 04:24,1
56.56,26,204.47,Compatible composite project,Port Jasmine,1,Grenada,03-02-2016 22:11,0
44.72,46,123.86,Cross-group systemic customer loyalty,North Jenniferburgh,1,Grenada,12-03-2016 02:48,1
76.28,33,254.34,Right-sized asynchronous website,Port Aliciabury,0,Guadeloupe,15-02-2016 07:55,0
54.39,20,171.9,Digitized content-based circuit,Richardshire,1,Guadeloupe,29-02-2016 18:06,1
73.41,31,201.26,Profound executive flexibility,Hollyfurt,1,Guam,16-01-2016 08:01,0
78.77,28,211.83,Public-key intangible Graphical User Interface,Gomezport,0,Guam,01-01-2016 08:27,0
44.73,35,127.56,Object-based neutral policy,North Lauraland,1,Guam,27-01-2016 18:25,1
67.69,44,109.22,Fundamental methodical support,South Jackieberg,0,Guam,01-04-2016 01:57,1
38.46,42,145.98,Customizable 6thgeneration knowledge user,East Michaelmouth,1,Guatemala,06-04-2016 11:24,1
84.53,27,168.34,Stand-alone tangible moderator,Turnerchester,0,Guatemala,04-01-2016 21:48,1
39.19,54,173.05,Stand-alone empowering benchmark,Leahside,0,Guatemala,23-01-2016 21:15,1
55.55,19,187.95,Proactive bandwidth-monitored policy,West Steven,0,Guatemala,24-03-2016 02:35,0
66.49,20,202.16,Polarized 6thgeneration info-mediaries,Bradshawborough,0,Guernsey,10-06-2016 11:31,0
39.96,45,146.13,Enhanced homogeneous moderator,East Barbara,1,Guernsey,15-04-2016 06:08,1
59.7,28,120.25,Expanded zero administration attitude,Florestown,0,Guernsey,10-05-2016 14:12,1
47.53,30,135.18,Customer-focused upward-trending contingency,Hughesport,0,Guinea,03-04-2016 05:10,1
63.36,48,137.43,Centralized tertiary pricing structure,East Eric,0,Guinea,23-06-2016 01:22,1
81.51,41,250.03,Future-proofed modular utilization,Kingshire,0,Guinea,19-05-2016 09:30,0
33.33,45,193.58,Pre-emptive value-added workforce,East Samanthashire,1,Guinea-Bissau,17-01-2016 09:31,1
68.41,38,259.76,Grass-roots empowering paradigm,Christopherchester,0,Guinea-Bissau,30-04-2016 15:27,0
46.13,46,123.64,Horizontal hybrid challenge,New Rachel,1,Guyana,09-01-2016 05:44,1
71.28,37,246.72,Distributed scalable orchestration,Dustinchester,1,Guyana,10-04-2016 16:08,0
44.33,41,120.63,Ergonomic empowering frame,Estradashire,0,Guyana,14-01-2016 09:27,1
59.64,51,153.12,Re-contextualized human-resource success,Evansville,1,Guyana,03-05-2016 01:09,1
60.75,42,247.05,Fully-configurable systemic productivity,Garrettborough,1,Guyana,19-02-2016 13:26,0
83.97,28,205.5,Reactive needs-based instruction set,Garychester,1,Haiti,16-06-2016 02:33,0
63.99,43,138.46,Ameliorated bandwidth-monitored contingency,North Cassie,0,Haiti,11-01-2016 08:18,1
48.09,33,180.42,Balanced motivating help-desk,West Travismouth,0,Heard Island and McDonald Islands,28-05-2016 12:38,1
44.96,50,132.71,Focused fresh-thinking Graphic Interface,South Peter,1,Heard Island and McDonald Islands,02-01-2016 12:25,1
87.46,37,211.56,Synergized grid-enabled framework,Millerview,1,Heard Island and McDonald Islands,16-06-2016 03:17,0
37.51,30,163,Re-contextualized optimal service-desk,Debraburgh,1,Holy See (Vatican City State),21-03-2016 18:46,1
69.97,28,250,Mandatory 3rdgeneration moderator,Cynthiaside,0,Holy See (Vatican City State),22-05-2016 00:01,0
81.59,35,223.16,Managed disintermediate capability,North Lisachester,0,Holy See (Vatican City State),04-07-2016 11:03,0
47.66,29,156.54,Devolved responsive structure,Tinaton,0,Honduras,18-07-2016 11:33,1
68.1,40,227.73,Reactive composite project,Thomasstad,1,Honduras,05-02-2016 16:50,0
59.22,55,126.39,Polarized 5thgeneration matrix,North Andrew,1,Honduras,13-01-2016 02:39,1
66.89,23,208.24,Universal incremental array,Sandersland,1,Honduras,04-01-2016 07:28,0
83.53,36,204.56,Customizable methodical Graphical User Interface,New Dawnland,0,Honduras,06-07-2016 05:34,0
45.72,36,154.02,Versatile homogeneous capacity,Williammouth,1,Hong Kong,19-04-2016 15:14,1
81.58,25,199.39,Decentralized needs-based analyzer,Erikville,0,Hong Kong,11-05-2016 22:02,0
65.15,29,117.3,Expanded value-added emulation,Brandonbury,0,Hong Kong,14-07-2016 22:43,1
83.89,28,180.88,Ameliorated intermediate Graphical User Interface,Mariemouth,1,Hong Kong,28-05-2016 12:20,0
55.74,37,124.34,Networked asymmetric infrastructure,Lake Michelle,1,Hong Kong,11-02-2016 16:45,1
40.18,29,151.96,Enhanced intangible portal,Lake Tracy,0,Hong Kong,25-06-2016 04:21,1
80.31,44,127.07,Cross-platform regional task-force,Brianfurt,0,Hungary,18-04-2016 15:54,1
69.74,49,243.37,Enhanced maximized access,Birdshire,0,Hungary,27-03-2016 16:41,0
73.3,36,135.72,Adaptive asynchronous attitude,West Tanya,1,Hungary,30-01-2016 04:38,1
62.18,33,126.44,Reactive impactful challenge,West Leahton,0,Hungary,20-05-2016 00:00,1
49.19,38,123.08,Versatile solution-oriented secured line,North Mark,0,Hungary,12-05-2016 12:11,1
66.8,29,248.51,Diverse leadingedge website,Lake Brandonview,0,Hungary,11-07-2016 13:23,1
68.37,35,225.58,Robust logistical utilization,South Manuel,0,Iceland,03-06-2016 03:36,0
77.14,24,184.88,Horizontal heuristic synergy,Janiceview,1,Iceland,21-01-2016 18:51,0
38.65,31,154.77,Total even-keeled architecture,Port Jason,1,Iceland,24-05-2016 09:50,1
72.76,33,240.63,Virtual impactful algorithm,Williamsport,1,India,10-05-2016 04:28,0
80.46,29,230.78,Mandatory coherent groupware,Carterton,0,India,04-06-2016 09:13,0
74.38,40,220.05,Enhanced zero tolerance Graphic Interface,East Graceland,1,Indonesia,13-03-2016 13:50,0
65.59,47,121.81,Digitized disintermediate ability,Brandymouth,0,Indonesia,22-03-2016 06:41,1
66.88,35,119.47,Polarized bifurcated array,Russellville,1,Indonesia,23-03-2016 19:58,1
79.53,33,236.72,Profound well-modulated array,East Aaron,0,Indonesia,28-02-2016 22:02,0
43.97,36,156.97,User-friendly grid-enabled analyzer,Boyerberg,1,Indonesia,30-01-2016 09:54,1
48.46,49,132.38,Devolved human-resource circuit,Lisamouth,1,Indonesia,21-01-2016 23:33,1
41.82,41,156.36,Phased transitional instruction set,Brendachester,0,Iran,26-05-2016 22:49,1
66.77,25,141.13,Cross-platform zero-defect structure,Johnstonmouth,0,Iran,09-07-2016 11:18,1
85.62,29,195.68,Triple-buffered systematic info-mediaries,South Dianeshire,0,Iran,14-04-2016 21:37,0
75.64,29,204.82,Pre-emptive well-modulated moderator,West Rhondamouth,1,Iran,15-03-2016 19:35,0
35.25,50,194.44,Intuitive global website,Waltertown,0,Iran,03-01-2016 04:39,1
56.14,38,113.53,Devolved tangible approach,Lake Edward,1,Ireland,03-02-2016 07:59,1
81.46,29,231.54,Intuitive fresh-thinking moderator,Sellerstown,0,Ireland,29-02-2016 11:00,0
51.65,31,249.99,Virtual context-sensitive support,Mclaughlinbury,0,Ireland,25-05-2016 10:39,0
67.8,30,117.75,Team-oriented 6thgeneration extranet,New Jay,1,Isle of Man,03-03-2016 02:59,1
73.94,26,236.15,Front-line non-volatile implementation,Lukeport,1,Isle of Man,24-01-2016 01:53,0
64.2,27,227.63,Phased zero tolerance extranet,Edwardsmouth,1,Isle of Man,11-02-2016 23:45,0
65.19,36,150.61,Cross-group regional website,Garciaside,0,Israel,17-02-2016 11:42,1
73.1,28,242.37,Universal asymmetric archive,Jeffreyshire,0,Israel,25-01-2016 07:52,0
78.68,29,208.05,Inverse high-level capability,Leonchester,0,Israel,16-01-2016 16:40,0
52.56,31,250.36,Integrated interactive support,New Karenberg,1,Israel,24-04-2016 01:48,1
74.15,29,245.89,Triple-buffered reciprocal time-frame,West Terrifurt,1,Italy,10-01-2016 02:31,0
48.01,46,119.93,Centralized 24/7 installation,West Christopher,0,Italy,25-04-2016 11:01,1
78.84,26,217.66,Persistent even-keeled application,Shawnside,1,Italy,29-06-2016 07:20,0
70.61,28,190.12,Assimilated encompassing portal,Meaganfort,0,Italy,16-04-2016 05:24,0
75.94,27,236.96,Future-proofed stable function,Campbellstad,1,Italy,16-02-2016 12:05,0
46.31,57,153.98,Front-line fault-tolerant intranet,Bernardton,1,Jamaica,24-03-2016 13:37,1
77.05,31,236.64,Upgradable local migration,Hallfort,0,Jamaica,20-03-2016 22:27,0
77.47,36,222.91,Assimilated actuating policy,Hatfieldshire,1,Jamaica,14-03-2016 03:29,0
74.58,36,230.52,Configurable mission-critical algorithm,East Carlos,0,Jamaica,22-07-2016 11:05,0
61.76,34,114.69,Open-source local approach,Edwardsport,0,Jamaica,27-05-2016 08:53,1
40.17,26,171.31,Visionary asymmetric encryption,South Lauratown,1,Japan,01-02-2016 14:37,1
71.33,23,169.4,Optimized attitude-oriented initiative,Josephmouth,0,Japan,15-03-2016 06:54,1
76.2,24,228.81,Optimized coherent Internet solution,Lake Susan,1,Japan,02-03-2016 06:35,0
71.4,30,166.31,Integrated 3rdgeneration monitoring,Beckton,0,Japan,24-05-2016 17:07,0
69.9,43,138.35,Down-sized modular intranet,Christopherport,0,Jersey,13-05-2016 11:51,1
76.99,31,244.34,Switchable mobile framework,West Angelabury,1,Jersey,22-06-2016 07:33,0
67.36,37,233.56,Future-proofed grid-enabled implementation,North Wesleychester,0,Jersey,06-07-2016 16:00,0
62.06,40,116.27,Digitized radical array,East Rachaelfurt,1,Jersey,16-03-2016 20:10,1
52.67,44,191.26,Persevering 5thgeneration knowledge user,New Hollyberg,0,Jersey,19-05-2016 06:37,1
66.69,35,108.27,Integrated encompassing support,Vanessastad,0,Jersey,11-05-2016 19:13,1
70.04,31,183.85,Intuitive radical forecast,Hannahside,1,Jordan,27-03-2016 03:59,0
71.74,35,227.56,Multi-channeled reciprocal artificial intelligence,Hammondport,0,Kazakhstan,19-07-2016 18:06,0
57.35,29,119.84,Distributed 3rdgeneration definition,West Connor,0,Kazakhstan,23-04-2016 14:34,1
83.71,45,220.48,Organized demand-driven knowledgebase,Millerfort,1,Kazakhstan,17-04-2016 19:10,0
91.37,45,182.65,Re-engineered composite moratorium,Lawsonshire,1,Kazakhstan,01-04-2016 07:37,1
37,48,158.22,Function-based context-sensitive secured line,Jonathantown,1,Kenya,24-03-2016 06:36,1
60.23,35,106.86,Balanced asynchronous hierarchy,New Brendafurt,0,Kenya,08-03-2016 18:00,1
67.56,31,125.45,Seamless composite budgetary management,Michelleside,0,Kenya,25-04-2016 21:15,1
49.35,49,119.86,Inverse stable synergy,Lake Charlottestad,0,Kenya,07-04-2016 20:38,1
36.37,40,144.53,Quality-focused zero-defect data-warehouse,North Jessicaville,1,Kiribati,22-04-2016 00:28,1
87.29,36,209.93,Future-proofed methodical protocol,Pamelamouth,1,Korea,23-03-2016 09:43,0
55.6,44,124.38,Fully-configurable neutral open system,New Debbiestad,1,Korea,14-06-2016 11:59,1
76.32,35,195.31,Networked foreground definition,East Michaeltown,1,Korea,23-06-2016 00:16,0
43.63,38,135.25,Quality-focused maximized extranet,Frankport,1,Korea,25-05-2016 19:45,1
55.71,37,112.52,Upgradable 4thgeneration portal,Lake James,1,Korea,06-03-2016 23:26,1
71.89,23,172.81,Function-based transitional complexity,Patriciahaven,1,Kuwait,03-02-2016 23:47,0
60.72,44,105.69,Synergized context-sensitive database,Jacobstad,0,Kuwait,28-02-2016 18:52,1
76.87,27,235.35,Configurable fault-tolerant monitoring,Mcdonaldfort,1,Kyrgyz Republic,29-05-2016 21:17,0
81.37,26,156.48,Business-focused responsive website,Lake Jacqueline,1,Kyrgyz Republic,15-02-2016 12:25,0
80.22,30,224.58,Integrated motivating neural-net,New Tyler,0,Kyrgyz Republic,05-07-2016 15:14,0
84,48,136.21,Inverse discrete extranet,Robertside,1,Kyrgyz Republic,17-04-2016 05:08,1
78.36,24,196.77,Multi-tiered foreground Graphic Interface,Kristineberg,1,Kyrgyz Republic,24-06-2016 21:09,0
70.9,28,190.95,Centralized client-driven workforce,Port Juan,0,Kyrgyz Republic,17-06-2016 23:19,0
36.49,52,196.61,Object-based system-worthy superstructure,Ryanhaven,1,Lao People's Democratic Republic,09-03-2016 00:41,1
69.42,25,213.38,Quality-focused hybrid frame,Carterport,0,Lao People's Democratic Republic,13-02-2016 04:16,0
82.95,39,201.29,Customer-focused impactful success,Karenmouth,0,Lao People's Democratic Republic,05-04-2016 08:18,0
45.48,49,129.16,Networked client-server solution,Blairborough,1,Lao People's Democratic Republic,19-05-2016 04:23,1
60.94,41,154.97,Fundamental fault-tolerant neural-net,Garciaview,0,Latvia,14-02-2016 07:30,1
57.24,52,117.35,Profound optimizing utilization,Richardsonland,1,Latvia,29-06-2016 21:39,1
67.91,23,146.8,Re-engineered non-volatile neural-net,Hubbardmouth,1,Latvia,12-01-2016 03:28,1
42.83,34,132.38,Vision-oriented methodical support,Cunninghamhaven,1,Latvia,23-04-2016 09:42,1
63.24,53,235.78,Future-proofed holistic superstructure,Michelleside,1,Lebanon,03-07-2016 04:33,1
40.67,35,133.18,Stand-alone encompassing throughput,West Amanda,0,Lebanon,05-05-2016 09:28,1
84.88,32,186.48,Ameliorated tangible hierarchy,Harrishaven,0,Lebanon,18-04-2016 03:41,0
66.26,47,179.04,Optional full-range projection,Matthewtown,1,Lebanon,25-04-2016 19:31,1
58.6,19,197.93,Configurable impactful firmware,West Mariafort,1,Lebanon,05-06-2016 21:38,0
72.97,30,208.58,Fundamental modular algorithm,Duffystad,1,Lebanon,11-02-2016 21:49,1
89.8,36,198.24,User-centric attitude-oriented adapter,West Tanner,0,Lesotho,02-02-2016 04:57,0
38.93,39,162.08,Intuitive exuding service-desk,Millerchester,0,Liberia,11-03-2016 06:49,1
78.57,36,239.32,Exclusive client-driven model,East Henry,1,Liberia,27-03-2016 02:35,0
39.76,28,196.83,Integrated maximized service-desk,Pottermouth,1,Liberia,08-02-2016 14:02,1
78.29,38,252.07,Networked regional Local Area Network,Villanuevaton,0,Liberia,05-01-2016 20:58,0
53.63,54,126.29,Front-line zero-defect array,Vanessaview,1,Liberia,08-01-2016 18:13,1
50.87,24,190.41,Programmable empowering orchestration,North Angelatown,0,Liberia,10-05-2016 17:13,1
50.78,51,122.04,Vision-oriented asynchronous Internet solution,West David,0,Liberia,11-02-2016 17:02,1
45.08,38,125.27,Synergized clear-thinking protocol,Fosterside,0,Liberia,27-03-2016 08:32,1
78.19,30,228.81,Triple-buffered needs-based Local Area Network,Mollyport,0,Libyan Arab Jamahiriya,31-01-2016 06:14,0
34.3,41,160.74,Re-contextualized reciprocal interface,West Melaniefurt,1,Libyan Arab Jamahiriya,16-05-2016 14:50,1
53.44,42,108.17,Up-sized next generation architecture,Lake Jennifer,1,Libyan Arab Jamahiriya,04-04-2016 22:00,1
73.15,25,211.12,Face-to-face executive encryption,Lake Patrick,1,Libyan Arab Jamahiriya,29-01-2016 07:14,0
75.55,36,159.24,Managed grid-enabled standardization,Ramirezside,0,Liechtenstein,09-05-2016 02:58,1
62.2,25,161.16,Cross-platform multimedia algorithm,New Lindaberg,0,Liechtenstein,24-04-2016 13:42,1
59.21,35,144.62,Managed disintermediate matrices,Lake Beckyburgh,1,Liechtenstein,02-02-2016 08:55,1
48.26,50,122.45,User-centric intermediate knowledge user,South Margaret,1,Liechtenstein,18-06-2016 22:31,1
62.12,37,105.86,Re-engineered intangible software,Johnsonview,1,Liechtenstein,18-03-2016 13:00,1
35.49,47,170.04,Front-line actuating functionalities,North Brittanyburgh,0,Liechtenstein,13-04-2016 07:07,1
39.94,41,156.3,Function-based optimizing protocol,Williamsborough,0,Lithuania,08-01-2016 22:47,1
46.98,50,175.37,Down-sized well-modulated archive,East Michelleberg,0,Lithuania,04-05-2016 09:00,1
39.3,32,145.73,Decentralized bottom-line help-desk,Jonathanland,0,Lithuania,24-02-2016 04:11,1
84.37,30,201.58,Synchronized systemic hierarchy,Johnstad,0,Luxembourg,12-04-2016 03:26,0
54.43,37,154.74,Balanced contextually-based pricing structure,Williamsmouth,1,Luxembourg,31-05-2016 09:06,1
73.27,28,216.24,Front-line multi-state hub,West Angela,1,Luxembourg,22-05-2016 15:17,0
50.63,50,142.23,Operative full-range forecast,Tammymouth,0,Luxembourg,10-03-2016 15:07,1
78.24,23,199.29,Sharable value-added solution,Deannaville,0,Luxembourg,04-04-2016 11:39,0
80.64,26,221.59,Vision-oriented real-time framework,North Laurenview,0,Luxembourg,24-05-2016 10:04,0
62.79,36,231.87,Total coherent archive,New James,1,Luxembourg,30-05-2016 20:08,1
58.35,37,132.63,Universal asymmetric workforce,Rivasland,0,Macao,12-06-2016 21:21,1
46.84,45,123.22,Virtual homogeneous budgetary management,Jonesshire,0,Macao,15-05-2016 18:44,1
45.62,43,121.28,Monitored homogeneous artificial intelligence,Robertfurt,0,Macao,26-06-2016 02:34,1
82.4,36,218.97,Implemented bifurcated workforce,Lake Patrick,1,Macedonia,29-06-2016 03:07,0
34.96,42,160.49,Right-sized mobile initiative,West James,1,Macedonia,01-06-2016 16:10,1
66.63,60,176.98,User-friendly upward-trending intranet,New Lucasburgh,0,Madagascar,16-01-2016 23:37,1
63.88,38,136.85,Upgradable even-keeled hardware,Kristintown,0,Madagascar,29-02-2016 23:56,1
84.95,34,230.36,Mandatory dedicated data-warehouse,Lake Brian,0,Madagascar,26-02-2016 17:01,0
64.51,42,190.71,Virtual 5thgeneration neural-net,Edwardmouth,1,Madagascar,29-04-2016 07:49,0
76.44,26,224.2,Distributed intangible database,Troyville,1,Madagascar,05-01-2016 06:34,0
87.18,31,193.6,Right-sized logistical middleware,West Andrew,0,Madagascar,31-01-2016 05:12,0
71.84,47,199.79,Advanced exuding conglomeration,North Randy,1,Malawi,08-05-2016 22:47,0
62.26,37,166.19,Vision-oriented uniform knowledgebase,West Robertside,0,Malawi,26-05-2016 15:40,0
72.46,40,113.53,Enhanced tertiary utilization,Cervantesshire,0,Malawi,01-05-2016 09:23,1
50.48,50,162.43,Switchable real-time product,Dianaville,0,Malawi,16-05-2016 18:51,1
84.04,38,244.55,Self-enabling didactic pricing structure,West Alyssa,0,Malaysia,20-07-2016 09:27,0
79.4,35,236.87,User-centric intangible contingency,New Gabriel,0,Malaysia,01-04-2016 09:21,0
81.05,34,245.5,Configurable asynchronous application,Adamsstad,0,Malaysia,18-05-2016 00:07,0
59.05,57,169.23,Digitized global capability,North Richardburgh,1,Maldives,15-07-2016 05:05,1
89.91,40,194.23,Innovative background conglomeration,Wallacechester,0,Maldives,09-07-2016 14:55,0
84.69,31,231.85,Right-sized transitional parallelism,Emilyfurt,1,Maldives,07-07-2016 23:32,0
64.79,30,116.07,Visionary mission-critical application,North Virginia,0,Maldives,17-02-2016 20:22,1
80.47,42,215.18,Grass-roots multimedia policy,East Jennifer,1,Mali,21-02-2016 05:23,0
52.35,25,147.61,Mandatory 4thgeneration structure,Jessicashire,1,Mali,05-06-2016 07:54,1
81.45,31,205.84,Triple-buffered human-resource complexity,Randyshire,1,Mali,30-05-2016 21:22,0
65.07,24,233.85,Multi-lateral multi-state encryption,Port Raymondfort,0,Mali,03-01-2016 07:13,0
48.03,40,134.6,Networked stable array,East Lindsey,1,Malta,02-06-2016 22:16,1
72.03,34,230.95,Up-sized bi-directional infrastructure,Greerton,1,Malta,05-07-2016 22:33,0
69.77,54,132.27,Face-to-face dedicated flexibility,Port Sherrystad,0,Malta,01-06-2016 03:17,1
76.02,40,219.55,Distributed leadingedge orchestration,Lesliefort,0,Malta,13-07-2016 14:30,0
41.46,42,128.98,Integrated impactful groupware,Robertstown,1,Malta,23-05-2016 08:06,1
69.95,28,247.01,Horizontal even-keeled challenge,New Julie,0,Malta,28-04-2016 01:24,0
43.16,35,156.11,Implemented didactic support,Williamsport,1,Marshall Islands,06-07-2016 03:40,1
61.88,42,112.19,Balanced actuating moderator,Phillipsbury,1,Martinique,23-07-2016 11:46,1
73.27,32,234.75,Streamlined analyzing initiative,Haleview,1,Martinique,29-01-2016 20:16,0
41.47,31,219.79,Secured scalable Graphical User Interface,Port Brookeland,0,Martinique,06-07-2016 15:56,1
44.15,28,141.96,Proactive secondary monitoring,Salazarbury,1,Martinique,22-01-2016 15:03,1
53.3,34,111.94,Self-enabling optimal initiative,West Jessicahaven,0,Mauritania,06-05-2016 21:07,1
81.67,28,196.76,Visionary analyzing structure,North Christopher,1,Mauritania,04-03-2016 08:48,0
70.66,43,120.95,Versatile scalable encryption,Lake Craigview,1,Mauritius,26-02-2016 04:57,1
75.32,28,233.6,Reduced mobile structure,Lake Angela,1,Mauritius,01-01-2016 21:58,0
66.04,27,199.76,Synergistic non-volatile analyzer,Cassandratown,0,Mauritius,05-03-2016 23:02,0
81.9,41,225.47,Multi-channeled 3rdgeneration model,Garciatown,0,Mauritius,11-06-2016 06:47,0
67.58,41,255.61,Focused high-level conglomeration,Ingramberg,1,Mayotte,01-02-2016 19:42,0
39.25,39,152.36,Customer-focused incremental system engine,Michellefort,0,Mayotte,23-01-2016 17:39,1
32.6,45,185.47,Multi-tiered interactive neural-net,New Henry,0,Mayotte,02-05-2016 18:37,1
41.53,42,158.81,Optional tangible productivity,South Jeanneport,0,Mayotte,23-05-2016 00:32,1
54.08,36,111.02,Innovative cohesive pricing structure,Philipberg,1,Mayotte,02-06-2016 04:14,1
43.7,28,173.01,Front-line bifurcated ability,Nicholasland,0,Mayotte,04-04-2016 03:57,1
72.23,48,115.35,Integrated coherent pricing structure,Burgessside,0,Mexico,17-07-2016 01:13,1
66.17,26,228.7,Business-focused maximized complexity,North Anaport,0,Mexico,02-05-2016 00:01,0
49.21,46,115.6,Realigned 24/7 core,Carterland,0,Mexico,28-02-2016 03:34,1
86.58,32,195.93,Business-focused asynchronous budgetary management,Henryfort,1,Mexico,26-02-2016 23:44,0
39.87,48,139.34,Business-focused user-facing benchmark,South Rebecca,1,Mexico,13-06-2016 06:11,1
54.37,38,140.77,Up-sized asymmetric firmware,Lake Matthew,0,Mexico,25-06-2016 18:17,1
50.33,50,133.2,Sharable analyzing alliance,South Lauraton,1,Micronesia,02-03-2016 04:57,1
74.02,32,210.54,Operative system-worthy protocol,Johnstad,0,Micronesia,09-03-2016 14:57,0
53.68,47,115.26,Operative stable moderator,New Michael,1,Micronesia,16-02-2016 09:11,1
79.82,26,223.28,Function-based directional productivity,Jayville,1,Micronesia,17-07-2016 22:04,0
78.6,46,254.59,Enhanced systematic adapter,Lake Elizabethside,1,Micronesia,20-07-2016 13:21,0
39.5,31,148.19,Operative multi-tasking Graphic Interface,West Brad,1,Micronesia,28-01-2016 16:42,1
35.55,39,151.18,Robust object-oriented Graphic Interface,Westshire,0,Micronesia,13-01-2016 20:38,1
63.11,34,254.94,Balanced mobile Local Area Network,Port Karenfurt,1,Micronesia,17-03-2016 22:59,0
78.11,27,209.25,Progressive analyzing attitude,East Shawnchester,1,Moldova,30-01-2016 16:10,0
84.54,33,204.02,Synchronized stable complexity,North Tracyport,1,Moldova,02-03-2016 10:07,0
81.58,41,248.16,Cloned explicit middleware,East Sheriville,0,Moldova,27-01-2016 17:55,0
42.94,37,130.4,Synergistic dynamic orchestration,Rebeccamouth,1,Moldova,12-04-2016 12:35,1
57.51,38,105.71,Re-engineered zero-defect open architecture,Jeffreymouth,0,Moldova,31-03-2016 08:53,1
81.32,25,165.65,Pre-emptive next generation Internet solution,Daisymouth,0,Moldova,08-03-2016 05:12,0
78.74,28,204.79,Public-key foreground groupware,Port Danielleberg,1,Monaco,27-05-2016 15:25,0
79.61,31,235.97,Customizable value-added project,Luisfurt,0,Monaco,04-04-2016 21:23,0
67.59,45,113.69,User-centric solution-oriented emulation,Brittanyborough,0,Monaco,23-07-2016 05:21,1
34.66,32,194.83,Customer-focused multi-tasking Internet solution,Curtisport,0,Mongolia,14-07-2016 12:07,1
44.46,42,132.66,Intuitive zero-defect framework,Christinehaven,1,Mongolia,15-01-2016 19:40,1
35,40,151.25,Fully-configurable context-sensitive Graphic Interface,South Walter,1,Mongolia,18-06-2016 16:02,1
74.84,37,246.44,User-friendly impactful time-frame,Knappburgh,1,Mongolia,14-01-2016 16:30,0
81.29,28,219.72,Synergized well-modulated Graphical User Interface,Lake Michael,0,Mongolia,15-02-2016 20:41,0
51.63,51,120.37,Expanded intangible solution,South Jessica,1,Mongolia,01-02-2016 17:24,1
62.26,53,125.45,Profound stable product,West Aprilport,1,Montenegro,07-04-2016 15:18,1
69.17,40,123.62,Extended leadingedge solution,New Patrick,0,Montenegro,06-03-2016 11:36,1
56.64,38,115.91,Down-sized uniform info-mediaries,Lake Christopherfurt,0,Montserrat,05-01-2016 17:56,1
81.61,33,228.76,Enterprise-wide local matrices,Gravesport,0,Morocco,17-04-2016 15:46,0
67.94,43,128.16,Assimilated next generation firmware,North Kimberly,0,Morocco,01-05-2016 00:23,1
85.77,27,191.78,Implemented disintermediate attitude,South Brian,1,Morocco,09-04-2016 23:26,0
78.41,33,248.23,Multi-lateral 24/7 Internet solution,Harmonhaven,1,Mozambique,03-06-2016 04:51,0
88.91,33,208.36,Enhanced dedicated support,Brandonstad,0,Myanmar,28-01-2016 20:59,0
41.18,43,129.25,Enterprise-wide incremental Internet solution,New Denisebury,1,Myanmar,05-07-2016 00:54,1
83.55,39,221.18,Switchable well-modulated infrastructure,Elizabethmouth,1,Myanmar,08-06-2016 20:13,0
73.94,27,173.49,Function-based incremental standardization,North Alexandra,0,Myanmar,10-02-2016 13:46,0
84.53,35,236.29,User-centric composite contingency,Brownview,0,Myanmar,26-03-2016 00:32,0
77.8,57,152.94,Virtual executive implementation,Destinyfurt,0,Namibia,14-02-2016 14:38,1
77.05,34,236.08,Centralized value-added hierarchy,Villanuevastad,0,Namibia,17-05-2016 18:06,0
80.23,31,193.77,Monitored national standardization,West Jodi,1,Nauru,04-04-2016 01:39,0
75.83,24,162.44,Diverse stable circuit,Walshhaven,0,Nauru,17-01-2016 15:10,0
60.91,19,184.94,Upgradable directional system engine,Port Kathleenfort,0,Nauru,09-06-2016 14:24,1
79.97,26,185.45,Down-sized explicit budgetary management,Port Maria,1,Nepal,08-01-2016 19:38,0
77.31,32,238.1,Assimilated homogeneous service-desk,North Garyhaven,0,Nepal,17-06-2016 20:18,0
89.18,37,224.01,Public-key impactful neural-net,Rickymouth,1,Nepal,26-04-2016 21:45,0
56.04,49,128.95,Decentralized real-time circuit,West Ricardo,1,Netherlands,07-02-2016 08:02,1
69.96,31,214.06,Realigned tangible collaboration,New Kayla,1,Netherlands,20-05-2016 12:17,0
45.11,58,195.69,Sharable reciprocal project,Browntown,0,Netherlands,05-01-2016 16:26,1
55.32,43,127.65,Managed 24hour analyzer,Port Douglasborough,0,Netherlands,18-03-2016 09:08,1
71.03,32,120.85,Advanced systemic productivity,Keithtown,0,Netherlands Antilles,17-02-2016 23:47,1
80.29,31,244.87,Ameliorated contextually-based collaboration,Teresahaven,1,Netherlands Antilles,30-06-2016 00:40,0
85.26,32,224.07,Reverse-engineered dynamic function,Lisafort,1,Netherlands Antilles,24-02-2016 06:18,0
76.42,26,223.16,Open-source optimizing parallelism,Brendaburgh,1,Netherlands Antilles,17-04-2016 18:38,0
85.37,36,194.56,Front-line system-worthy flexibility,Alexandrafort,1,Netherlands Antilles,27-01-2016 17:08,0
63.04,27,159.05,Triple-buffered multi-state complexity,Davidstad,0,Netherlands Antilles,10-07-2016 16:25,1
50.52,31,171.62,Function-based stable alliance,Lake Allenville,0,New Caledonia,23-01-2016 15:02,1
56.3,49,135.24,Fully-configurable high-level implementation,South Meghan,1,New Caledonia,03-02-2016 19:12,1
58.18,25,176.28,Polarized analyzing concept,Tinachester,1,New Zealand,10-02-2016 06:37,0
46.61,52,156.99,Ergonomic methodical encoding,Danielview,0,New Zealand,05-04-2016 05:54,1
57.2,42,110.66,Innovative maximized groupware,East Heatherside,0,New Zealand,19-03-2016 11:09,1
69.86,25,241.36,Triple-buffered foreground encryption,Austinborough,0,New Zealand,12-01-2016 21:17,0
73.46,28,222.75,Innovative executive encoding,West Joseph,1,Nicaragua,15-05-2016 14:41,0
78.64,31,235.28,Integrated client-server definition,South Renee,1,Nicaragua,16-01-2016 17:56,0
82.41,36,222.08,Stand-alone logistical service-desk,North Brandon,0,Nicaragua,12-04-2016 04:22,0
80.47,25,204.86,Reduced global support,Jamesberg,0,Niger,11-02-2016 13:26,0
54.96,42,113.75,Public-key disintermediate emulation,West Amanda,1,Niger,28-02-2016 09:31,1
61.84,45,105.63,Reactive bi-directional standardization,Port Joshuafort,1,Niger,05-05-2016 11:07,1
84.29,41,232.54,Re-contextualized systemic time-frame,Jacksonmouth,0,Niue,27-01-2016 20:47,0
73.93,44,218.22,Quality-focused scalable utilization,Lake Matthewland,0,Niue,20-02-2016 00:06,0
76.76,25,230.77,Secured uniform instruction set,Kylieview,1,Niue,26-05-2016 13:28,0
78.53,34,131.72,Synergized multimedia emulation,North Regina,0,Norfolk Island,22-04-2016 20:10,1
84.53,33,215.18,Optional multi-state hardware,Douglasview,1,Norfolk Island,11-07-2016 09:32,0
48.22,40,214.33,Inverse national core,Turnerville,0,Norfolk Island,22-03-2016 19:14,0
56.91,50,146.44,Team-oriented executive core,West Randy,0,Norfolk Island,01-04-2016 05:17,1
70.29,31,254.65,Balanced responsive open system,New Frankshire,1,Norfolk Island,30-03-2016 14:36,0
54.88,24,148.61,Customizable modular Internet solution,West Pamela,0,Northern Mariana Islands,15-05-2016 01:03,1
36.98,31,167.87,Fully-configurable clear-thinking throughput,Micheletown,1,Northern Mariana Islands,17-03-2016 06:25,1
76.44,28,232.68,Synchronized human-resource moderator,Port Julie,1,Northern Mariana Islands,06-04-2016 17:26,0
59.99,23,226.74,Sharable client-driven software,Jamieberg,1,Norway,19-05-2016 14:30,0
40.42,45,133.9,Stand-alone reciprocal synergy,Lisamouth,1,Norway,16-03-2016 07:59,1
67.28,43,155.8,Future-proofed coherent hardware,North Mercedes,1,Pakistan,03-04-2016 21:13,1
73.19,25,203.74,Cloned incremental matrices,North Ronaldshire,1,Pakistan,19-01-2016 12:18,0
78.37,24,207.27,Quality-focused zero-defect budgetary management,Pearsonfort,0,Pakistan,23-01-2016 04:47,0
69.5,26,203.84,Front-line systemic capability,Tranland,0,Pakistan,27-02-2016 13:51,0
76.65,31,238.43,Function-based executive moderator,West Dennis,0,Pakistan,18-04-2016 07:00,0
65.4,33,247.31,Adaptive 24hour Graphic Interface,Sylviaview,0,Palau,12-02-2016 22:51,0
60.7,43,192.6,Multi-tiered multi-state moderator,Mataberg,1,Palau,06-06-2016 22:41,0
53.54,39,108.03,Optimized systemic capability,Julietown,0,Palau,23-06-2016 11:05,1
45.17,48,132.07,Down-sized background groupware,Taylormouth,1,Palau,27-01-2016 14:41,1
55.39,37,129.41,Customizable multi-tasking website,West Dylanberg,0,Palestinian Territory,30-01-2016 19:20,1
42.51,30,144.77,Grass-roots transitional flexibility,Lake Rhondaburgh,1,Palestinian Territory,15-01-2016 19:45,1
60.83,19,185.46,Versatile next generation pricing structure,West Lacey,1,Palestinian Territory,19-02-2016 20:49,0
82.07,25,205.38,Function-based optimizing extranet,Lauraburgh,1,Panama,20-06-2016 06:30,0
66.17,33,238.45,Cross-group neutral synergy,West Lucas,0,Panama,20-01-2016 00:26,0
77.65,27,212.79,Horizontal client-driven hierarchy,South Ronald,0,Papua New Guinea,04-02-2016 13:30,0
60.25,35,109.77,De-engineered fault-tolerant database,Charlottefort,0,Papua New Guinea,29-06-2016 13:35,1
60.53,29,123.28,Networked even-keeled workforce,Williamsport,0,Papua New Guinea,09-05-2016 10:21,1
72.53,37,223.93,Synchronized grid-enabled moratorium,South Patrickfort,0,Papua New Guinea,21-07-2016 10:01,0
38.63,48,222.11,Cross-platform logistical pricing structure,Chapmanmouth,0,Papua New Guinea,07-04-2016 10:51,1
89.34,32,177.78,Object-based executive productivity,Wendyton,1,Paraguay,21-03-2016 21:15,0
77.75,31,240.64,Multi-lateral motivating circuit,Coxhaven,1,Paraguay,22-06-2016 17:19,0
67.56,47,109.98,Reduced background data-warehouse,Zacharyton,0,Paraguay,12-02-2016 05:20,1
67.64,35,267.01,Programmable asymmetric data-warehouse,Phelpschester,1,Peru,02-07-2016 20:23,0
62.95,60,157.04,Polarized tangible collaboration,Youngfort,0,Peru,24-05-2016 13:30,1
40.06,38,138.68,Organized contextually-based customer loyalty,Olsonstad,1,Peru,11-06-2016 08:38,1
74.49,28,237.34,Persevering eco-centric flexibility,Lake Adrian,0,Peru,30-01-2016 16:15,0
69.2,42,123.8,Balanced value-added database,Meyersstad,0,Peru,17-06-2016 09:58,1
63.43,29,236.75,Ergonomic 24/7 solution,New Shane,1,Peru,15-04-2016 10:18,0
35.76,51,195.07,Versatile optimizing projection,North Angelastad,0,Peru,18-07-2016 04:53,1
35.66,45,151.72,Exclusive cohesive intranet,Port Beth,0,Peru,29-04-2016 14:08,1
77.2,33,254.05,Persistent homogeneous framework,North Elizabeth,1,Philippines,12-02-2016 20:36,0
85.03,30,204.52,Expanded clear-thinking core,North Shannon,0,Philippines,19-06-2016 09:24,0
38.91,33,150.8,Versatile reciprocal structure,Morrismouth,1,Philippines,13-07-2016 07:41,1
38.1,34,214.38,Optional secondary access,North Aaronchester,1,Philippines,30-05-2016 18:08,1
83.48,31,222.72,Intuitive zero administration adapter,Williamport,1,Philippines,04-03-2016 13:47,0
59.01,30,178.75,Focused multimedia implementation,West Annefort,1,Philippines,08-02-2016 22:45,1
66.18,35,243.61,Proactive asymmetric definition,New Johnberg,0,Pitcairn Islands,25-03-2016 08:40,0
39.96,35,138.52,Phased leadingedge budgetary management,Kingchester,1,Pitcairn Islands,28-02-2016 23:21,1
77.88,37,254.57,Multi-tiered human-resource structure,Melissafurt,0,Poland,02-07-2016 00:24,0
40.04,27,161.58,Cross-platform neutral system engine,Meghanchester,0,Poland,08-05-2016 10:25,1
36.62,32,162.44,Customer-focused solution-oriented software,New Sabrina,1,Poland,02-02-2016 19:59,1
68.47,28,226.64,Focused coherent success,North Kennethside,0,Poland,25-06-2016 00:33,0
76.64,39,241.5,Reverse-engineered web-enabled support,North Daniel,1,Poland,09-02-2016 23:38,0
63.37,43,105.04,Open-architected full-range projection,Michaelshire,1,Poland,23-03-2016 12:53,1
43.77,52,138.55,Synergized hybrid time-frame,Kyleborough,1,Portugal,25-01-2016 07:39,1
80.67,34,239.76,Seamless impactful info-mediaries,Jamesville,0,Portugal,01-01-2016 02:52,0
75.71,34,246.06,Phased hybrid intranet,Barbershire,0,Portugal,11-03-2016 10:01,0
57.76,41,105.15,Triple-buffered scalable groupware,Lake Dustin,0,Puerto Rico,12-06-2016 15:25,1
55.79,24,149.67,Pre-emptive content-based focus group,Port Sarahhaven,0,Puerto Rico,20-02-2016 20:47,1
76.24,27,214.42,Monitored dynamic instruction set,Munozberg,0,Puerto Rico,07-06-2016 01:29,0
70.29,26,231.37,Vision-oriented multi-tasking success,Shirleyfort,1,Puerto Rico,28-03-2016 19:48,0
72.8,35,249.54,Public-key solution-oriented focus group,Austinland,0,Puerto Rico,03-01-2016 23:21,0
42.06,34,131.55,Multi-layered secondary software,Jamesmouth,0,Puerto Rico,29-06-2016 02:48,1
47.64,49,122.02,Centralized neutral neural-net,West Brandonton,0,Qatar,16-03-2016 20:19,1
69.62,20,202.25,Business-focused encompassing neural-net,New Sharon,1,Qatar,26-02-2016 22:46,0
82.73,33,238.99,Grass-roots impactful system engine,Cranemouth,1,Qatar,20-05-2016 21:31,0
80.23,31,196.23,Secured clear-thinking middleware,South Daniellefort,0,Qatar,19-03-2016 14:23,0
78.83,36,234.64,Future-proofed responsive matrix,New Wanda,1,Qatar,08-05-2016 12:08,0
42.04,49,182.11,Organic logistical adapter,New Christinatown,0,Qatar,03-02-2016 16:54,1
87.09,36,221.98,Synergized coherent interface,Luischester,1,Reunion,21-04-2016 16:10,0
89.21,33,210.53,Fundamental clear-thinking knowledgebase,Lake Cynthia,0,Reunion,19-07-2016 12:05,0
49.99,41,121.07,Profound bottom-line standardization,New Charleschester,0,Romania,24-03-2016 09:34,1
74.58,40,135.51,Advanced 24/7 productivity,Millertown,1,Russian Federation,27-02-2016 04:43,1
84.98,29,202.61,Innovative user-facing extranet,Mackenziemouth,0,Russian Federation,27-04-2016 09:27,0
75.92,22,182.65,Monitored context-sensitive initiative,Port Calvintown,0,Russian Federation,26-02-2016 01:18,0
63.89,40,105.22,Synchronized user-facing core,Jensenborough,0,Rwanda,08-01-2016 00:17,1
72.04,22,199.43,Realigned systematic function,Hernandezfort,0,Rwanda,10-02-2016 06:52,0
74.62,36,217.79,Self-enabling even-keeled methodology,Lake Kurtmouth,0,Rwanda,04-04-2016 08:19,0
71.83,40,135.48,Diverse background ability,Costaburgh,1,Rwanda,18-02-2016 22:42,1
79.6,39,194.23,Organized global flexibility,Lake Deannaborough,0,Rwanda,22-04-2016 07:48,0
74.87,52,126.97,Public-key non-volatile implementation,Charlenetown,0,Saint Barthelemy,31-05-2016 02:17,1
63.3,38,116.19,Polarized intangible encoding,Lake Evantown,0,Saint Barthelemy,09-05-2016 07:13,1
50.43,46,119.32,Persevering needs-based open architecture,Charlesport,1,Saint Helena,07-05-2016 17:11,1
81.38,31,212.3,Balanced dynamic application,Bowenview,0,Saint Helena,08-02-2016 00:23,0
83.67,44,234.26,Upgradable system-worthy array,West Shaun,1,Saint Helena,06-02-2016 23:08,0
73.88,29,233.61,Digitized zero-defect implementation,Kennethview,0,Saint Helena,04-01-2016 06:37,0
67.85,41,202.7,Reactive tangible contingency,East Ronald,1,Saint Helena,21-01-2016 22:51,1
50.52,28,219.69,Versatile responsive knowledge user,Davisfurt,0,Saint Kitts and Nevis,03-04-2016 06:17,1
72.19,33,250.35,Synchronized national infrastructure,Curtisview,1,Saint Lucia,19-05-2016 11:16,0
47.74,33,154.93,Open-source 5thgeneration leverage,Henryland,1,Saint Lucia,14-05-2016 14:49,1
41.67,36,132.55,Realigned zero tolerance emulation,Port Eric,0,Saint Martin,13-06-2016 18:50,1
81.25,33,222.35,Enhanced system-worthy toolset,Frankchester,1,Saint Martin,16-04-2016 14:15,0
48.86,35,128.37,Universal empowering adapter,Elizabethbury,1,Saint Martin,04-01-2016 00:44,1
81.98,34,212.88,Up-sized maximized model,Patrickmouth,0,Saint Martin,04-06-2016 09:25,0
62.42,38,143.94,Diverse executive groupware,West Tinashire,0,Saint Pierre and Miquelon,19-07-2016 07:59,1
71.76,35,237.39,Customizable zero-defect matrix,South Tomside,0,Saint Pierre and Miquelon,26-05-2016 13:18,0
54.92,54,161.16,Extended interactive model,Roberttown,0,Saint Pierre and Miquelon,13-06-2016 13:59,1
65.72,36,120.12,Managed didactic flexibility,Kimberlymouth,0,Saint Pierre and Miquelon,13-02-2016 13:57,1
70.96,31,256.4,Ameliorated user-facing help-desk,South Denise,0,Saint Pierre and Miquelon,26-06-2016 07:01,0
85.84,34,192.93,Front-line heuristic data-warehouse,Lake Annashire,1,Saint Vincent and the Grenadines,15-06-2016 05:30,0
38.52,38,137.28,Customer-focused 24/7 concept,Lesliebury,1,Saint Vincent and the Grenadines,27-03-2016 23:59,1
88.04,45,191.17,Profound explicit hardware,Lake Deborahburgh,1,Saint Vincent and the Grenadines,07-03-2016 20:02,0
77.25,27,231.38,Pre-emptive neutral contingency,Port Elijah,1,Saint Vincent and the Grenadines,25-04-2016 16:58,0
44.11,41,121.24,Organic next generation matrix,Lake David,1,Saint Vincent and the Grenadines,20-04-2016 16:49,1
43.16,29,143.04,Robust holistic application,Wendyville,1,Saint Vincent and the Grenadines,05-03-2016 20:53,1
70.03,26,227.72,Versatile 4thgeneration system engine,Bradleyborough,1,Samoa,22-05-2016 20:49,0
85.56,29,210.46,Advanced modular Local Area Network,South Denisefurt,0,Samoa,05-06-2016 13:16,0
66.01,23,151.95,Front-line tangible alliance,Hansenmouth,0,Samoa,21-06-2016 03:14,1
49.84,39,111.59,Reduced multimedia project,Hannaport,0,Samoa,09-02-2016 07:21,1
58.6,50,113.7,Organic asynchronous hierarchy,Rogerburgh,0,Samoa,28-01-2016 07:10,1
59.96,33,197.66,Expanded modular application,Staceyfort,0,Samoa,14-01-2016 08:27,1
69.47,26,236.5,Organic bottom-line service-desk,Davidton,0,San Marino,13-03-2016 20:35,0
81.22,53,223.09,Networked coherent interface,Port Jason,1,San Marino,07-01-2016 13:25,0
37.01,50,216.01,Secured encompassing Graphical User Interface,Port Derekberg,0,San Marino,20-03-2016 02:44,1
40.15,38,134.88,Exclusive disintermediate task-force,Joechester,1,Sao Tome and Principe,27-06-2016 18:37,1
44.49,53,168,Business-focused real-time toolset,Jacksonburgh,1,Sao Tome and Principe,23-04-2016 06:28,1
69.78,29,218.79,Multi-layered non-volatile Graphical User Interface,Wilsonburgh,0,Saudi Arabia,24-05-2016 18:35,0
43.83,45,129.01,Total human-resource flexibility,Greerport,0,Saudi Arabia,29-01-2016 05:39,1
60.23,60,151.54,Seamless optimal contingency,Port Brenda,1,Saudi Arabia,15-07-2016 15:43,1
85.73,32,147.75,Stand-alone radical throughput,New Tammy,1,Saudi Arabia,10-07-2016 17:24,1
55.6,23,212.58,Multi-layered 4thgeneration knowledge user,Port Cassie,0,Senegal,14-01-2016 14:00,1
71.86,32,116.53,Face-to-face even-keeled website,Kentmouth,0,Senegal,17-05-2016 06:14,1
73.04,37,221.79,Organic contextually-based focus group,Erinmouth,1,Senegal,19-06-2016 22:26,0
85.23,36,212.92,Visionary client-driven installation,Paulhaven,1,Senegal,27-02-2016 12:34,0
52.84,43,122.31,Multi-tiered mobile encoding,Hobbsbury,0,Senegal,16-07-2016 10:14,1
71.27,21,216.03,Quality-focused bi-directional throughput,South Blakestad,1,Senegal,11-01-2016 12:46,0
56.57,26,131.98,Multi-channeled non-volatile website,West Ericaport,0,Senegal,23-01-2016 13:14,1
56.78,28,124.32,Mandatory empowering focus group,Melanieton,0,Senegal,19-06-2016 23:04,1
63.6,23,235.28,Centralized logistical secured line,Youngburgh,1,Serbia,01-06-2016 09:27,0
46.77,32,136.4,Multi-tiered maximized archive,Reneechester,1,Serbia,23-03-2016 06:00,1
60.53,24,167.22,Organic interactive support,Combsstad,0,Serbia,25-03-2016 15:17,1
46.04,32,147.92,Universal transitional Graphical User Interface,Andrewborough,0,Serbia,30-05-2016 20:07,1
81.95,31,208.76,Distributed cohesive migration,East Connie,1,Serbia,01-05-2016 21:46,0
81.98,40,229.22,Ameliorated upward-trending definition,Taylorberg,0,Seychelles,15-04-2016 11:51,0
52.62,50,176.52,Enterprise-wide foreground emulation,Port Juan,0,Seychelles,01-02-2016 20:30,1
68.11,38,231.21,Reactive national success,South Meredithmouth,0,Seychelles,07-01-2016 21:21,0
57.05,41,269.96,Seamless full-range website,Port Erinberg,1,Sierra Leone,09-01-2016 03:45,1
56.93,37,111.8,Reactive demand-driven strategy,Bradleyside,0,Sierra Leone,10-06-2016 00:35,1
74.41,26,163.05,Right-sized value-added initiative,Dianashire,0,Singapore,23-07-2016 04:37,0
46.88,54,136.64,Virtual scalable secured line,Port Melissaberg,0,Singapore,04-02-2016 08:53,1
76.84,32,231.59,Reduced incremental productivity,Faithview,0,Singapore,03-03-2016 22:31,0
86.38,40,188.27,Cross-platform 4thgeneration focus group,Rhondaborough,1,Singapore,19-03-2016 14:57,0
77.89,26,201.54,Switchable multi-state success,West Sharon,0,Singapore,15-05-2016 03:10,0
80.53,29,187.64,Sharable upward-trending support,West Benjamin,0,Singapore,21-03-2016 08:13,0
85.01,29,192.5,Devolved exuding Local Area Network,Evansfurt,0,Slovakia (Slovak Republic),03-05-2016 16:02,0
88.82,36,169.1,Assimilated discrete strategy,East Johnport,0,Slovakia (Slovak Republic),30-01-2016 00:05,0
58.95,55,131.29,Proactive actuating Graphical User Interface,East Maureen,1,Slovenia,20-06-2016 08:34,1
84.45,50,207.18,Customer-focused transitional strategy,Millerside,0,Somalia,13-07-2016 04:10,1
82.7,35,231.07,Visionary multi-tasking alliance,Amyfurt,0,Somalia,09-01-2016 15:49,0
73.89,35,229.99,Multi-channeled asymmetric installation,Dustinborough,1,Somalia,26-06-2016 17:25,0
43.88,54,166.85,Enhanced methodical database,Dustinmouth,1,Somalia,04-06-2016 17:24,1
65.56,25,181.25,Stand-alone explicit orchestration,West Arielstad,1,Somalia,05-01-2016 12:59,0
62.33,43,127.11,Devolved zero administration intranet,Suzannetown,0,South Africa,21-06-2016 13:15,1
68.61,57,150.29,Diverse modular interface,South George,0,South Africa,10-04-2016 19:48,1
58.22,29,120.9,User-friendly client-server instruction set,North Russellborough,0,South Africa,11-02-2016 02:40,1
74.32,33,128.17,Monitored real-time superstructure,North Kevinside,0,South Africa,23-05-2016 21:14,1
34.78,48,208.21,Exclusive even-keeled moratorium,Jeffreyburgh,1,South Africa,24-03-2016 02:01,1
32.91,37,181.02,Future-proofed fresh-thinking conglomeration,Elizabethstad,0,South Africa,17-07-2016 14:26,1
74.61,38,231.28,Networked impactful framework,East Christopher,1,South Africa,06-04-2016 23:10,0
70.92,39,249.81,Up-sized intangible circuit,New Nathan,1,South Africa,21-07-2016 20:30,0
76.87,36,212.59,Down-sized bandwidth-monitored core,Mullenside,0,South Georgia and the South Sandwich Islands,08-07-2016 22:30,0
42.32,29,187.09,Digitized radical architecture,New Joshuaport,1,South Georgia and the South Sandwich Islands,14-02-2016 04:14,1
63.45,23,140.64,Persistent demand-driven interface,New Travistown,1,Spain,09-03-2016 03:41,1
82.38,35,159.6,Polarized analyzing intranet,Port Blake,0,Spain,18-07-2016 01:36,1
44.16,42,133.42,Innovative interactive portal,Port Dennis,1,Spain,25-05-2016 00:34,1
85.4,43,198.72,Triple-buffered demand-driven alliance,Johnport,0,Sri Lanka,08-06-2016 18:54,0
79.16,32,202.9,Compatible intermediate concept,East Timothy,1,Sri Lanka,30-03-2016 20:23,0
82.07,24,193.97,Monitored local Internet solution,Richardsonmouth,0,Sri Lanka,14-06-2016 07:02,0
83.17,43,244.4,Managed national hardware,Port Kevinborough,1,Sri Lanka,05-04-2016 18:02,0
74.88,27,175.17,Organized empowering policy,Sarahton,1,Sudan,17-04-2016 06:58,0
79.83,29,234.23,Innovative regional groupware,North Frankstad,1,Sudan,18-05-2016 19:33,0
44.78,45,137.24,Extended context-sensitive monitoring,West Casey,1,Suriname,09-07-2016 11:04,1
71.55,36,163.99,Inverse next generation moratorium,South Troy,1,Suriname,20-07-2016 23:08,0
44.98,49,129.31,Organized global model,Port Sarahshire,0,Svalbard & Jan Mayen Islands,10-04-2016 00:13,1
66.18,55,143.42,Vision-oriented contextually-based extranet,Frankbury,0,Svalbard & Jan Mayen Islands,10-01-2016 23:14,1
72.45,29,195.36,Centralized 24hour synergy,Robertmouth,1,Svalbard & Jan Mayen Islands,11-01-2016 06:02,0
47.23,43,210.87,Optimized upward-trending productivity,Yangside,1,Svalbard & Jan Mayen Islands,17-03-2016 22:24,1
79.09,32,209.72,Optimized multimedia website,Hernandezchester,1,Svalbard & Jan Mayen Islands,07-05-2016 21:32,0
35.66,36,172.57,Implemented uniform synergy,Alvarezland,0,Svalbard & Jan Mayen Islands,21-02-2016 20:09,1
62.26,26,202.77,Public-key mission-critical core,New Jasmine,0,Swaziland,08-06-2016 12:25,0
85.78,34,232.78,Persistent fault-tolerant service-desk,Valerieland,0,Swaziland,20-07-2016 21:53,0
80.09,31,214.08,Pre-emptive systematic budgetary management,Port Christinemouth,0,Sweden,23-05-2016 21:00,0
79.6,28,227.37,Synergistic discrete middleware,Whitneyfort,1,Sweden,03-05-2016 16:55,0
71.23,52,122.59,Self-enabling zero administration neural-net,Ericksonmouth,0,Sweden,05-01-2016 11:53,1
54.35,42,164.02,Proactive interactive service-desk,Lake Hailey,0,Sweden,20-06-2016 08:22,0
61.22,45,119.03,Streamlined logistical secured line,South Adam,1,Switzerland,05-01-2016 09:42,1
45.7,33,151.12,Self-enabling multimedia system engine,New Williammouth,1,Switzerland,26-05-2016 10:33,1
60.39,45,108.25,Front-line methodical utilization,Port Christina,1,Switzerland,02-03-2016 15:39,1
72.19,32,250.32,Balanced discrete approach,Randolphport,1,Switzerland,22-04-2016 19:45,0
83.66,38,175.14,Profound dynamic attitude,East Debraborough,0,Syrian Arab Republic,18-02-2016 03:58,0
86.76,28,189.91,Object-based leadingedge complexity,Lawrenceborough,0,Syrian Arab Republic,10-02-2016 08:21,0
32.6,38,190.05,Customizable homogeneous contingency,Tylerport,0,Syrian Arab Republic,12-02-2016 03:39,1
66.67,33,228.03,Horizontal content-based synergy,Turnerview,1,Taiwan,21-04-2016 20:29,0
84.71,32,210.23,Reactive responsive emulation,Greenechester,0,Taiwan,29-05-2016 07:29,0
75.55,22,169.4,Upgradable even-keeled challenge,New Amanda,0,Taiwan,19-02-2016 07:29,1
35.34,45,152.86,De-engineered actuating hierarchy,East Brittanyville,0,Taiwan,18-06-2016 16:32,1
68.6,33,135.08,Focused high-level frame,Tammyshire,0,Taiwan,17-02-2016 18:50,1
78.84,32,235.29,Optimized 5thgeneration moratorium,Gonzalezburgh,1,Taiwan,09-04-2016 09:26,0
55.46,37,108.1,Exclusive systematic algorithm,Chrismouth,0,Taiwan,21-02-2016 23:07,1
42.44,56,168.27,Profit-focused attitude-oriented task-force,Petersonfurt,0,Tajikistan,10-02-2016 15:23,1
75.19,31,245.76,Implemented discrete frame,Johnstonshire,1,Tajikistan,16-06-2016 18:04,0
58.05,32,195.54,Total asynchronous architecture,Sanderstown,1,Tajikistan,12-02-2016 10:39,1
80.49,40,229.12,Balanced heuristic approach,Amyhaven,1,Tanzania,14-02-2016 03:50,0
66.99,47,124.44,Operative actuating installation,Lopezberg,1,Tanzania,15-06-2016 11:56,1
83.4,39,235.01,Advanced local task-force,Shaneland,0,Tanzania,07-04-2016 01:57,0
75.8,38,146.19,Progressive clear-thinking open architecture,Ashleychester,1,Thailand,18-04-2016 11:23,0
43.02,44,125.22,Configurable bottom-line application,West Lindseybury,0,Thailand,13-04-2016 05:42,1
73.72,32,256.4,Universal contextually-based system engine,Richardsland,1,Thailand,18-03-2016 02:39,0
50.19,40,117.3,Progressive uniform budgetary management,Lake Stephenborough,0,Thailand,25-03-2016 19:02,1
68.94,54,138.71,Streamlined next generation implementation,East Tylershire,0,Timor-Leste,19-04-2016 07:34,1
79.52,27,183.48,Automated coherent flexibility,East Timothyport,1,Timor-Leste,10-06-2016 10:11,0
86.06,31,219.72,Extended local methodology,Timothytown,1,Timor-Leste,28-04-2016 18:34,0
65.53,19,190.17,Pre-emptive client-server installation,Coffeytown,1,Timor-Leste,20-06-2016 02:25,0
87.14,31,199.4,Up-sized bifurcated capability,Wadestad,1,Timor-Leste,18-05-2016 01:00,0
78.54,35,172.1,Multi-channeled asynchronous open system,Port Jodi,0,Togo,28-05-2016 20:41,0
64.67,51,138.35,Horizontal incremental website,Andersonfurt,1,Togo,14-02-2016 16:33,1
90.75,40,216.5,Decentralized methodical capability,Lake Joseph,0,Togo,11-03-2016 09:58,0
41.39,41,167.22,Exclusive neutral parallelism,Harperborough,0,Tokelau,13-06-2016 17:27,1
47.23,38,149.8,Implemented context-sensitive Local Area Network,Blevinstown,1,Tokelau,22-06-2016 05:22,1
85.54,27,175.43,Right-sized solution-oriented benchmark,Gilbertville,1,Tokelau,31-03-2016 13:54,0
40.34,29,173.75,Object-based motivating instruction set,Clarkborough,0,Tokelau,30-03-2016 05:29,1
56.01,26,127.26,Re-engineered real-time success,Garciamouth,0,Tonga,05-07-2016 18:59,1
82.87,37,213.36,Front-line fresh-thinking open system,West Brenda,0,Tonga,28-06-2016 20:13,0
83.26,40,187.76,Decentralized foreground infrastructure,Alanview,1,Tonga,02-01-2016 14:36,0
82.37,30,207.44,Open-architected system-worthy ability,Estradafurt,0,Tonga,29-06-2016 04:23,0
35.79,44,165.62,Enterprise-wide tangible model,North Katie,1,Tonga,20-04-2016 13:36,1
44.33,37,123.72,Visionary maximized process improvement,Hamiltonfort,1,Trinidad and Tobago,08-01-2016 09:32,1
69,32,221.21,Virtual composite model,Port Susan,1,Trinidad and Tobago,11-02-2016 04:37,0
32.84,40,171.72,Triple-buffered 3rdgeneration migration,New Keithburgh,0,Trinidad and Tobago,10-03-2016 01:36,1
68.95,35,256.09,Cloned 5thgeneration orchestration,Wrightburgh,0,Tunisia,27-03-2016 00:53,0
64.24,30,252.36,Front-line intermediate database,Zacharystad,0,Tunisia,16-04-2016 11:53,0
75.74,25,215.25,Ergonomic multi-state structure,New Sheila,1,Tunisia,16-01-2016 11:35,0
42.84,52,182.2,Enhanced optimizing website,Lake Michellebury,1,Tunisia,21-03-2016 11:02,1
62.31,47,119.3,Team-oriented encompassing portal,Amandahaven,0,Turkey,14-02-2016 07:36,1
33.21,43,167.07,Polarized clear-thinking budgetary management,Wilcoxport,1,Turkey,10-05-2016 17:39,1
78.7,30,133.99,Compatible intangible customer loyalty,Williamstad,0,Turkey,10-02-2016 19:20,1
83.47,39,226.11,Total directional approach,New Brandy,0,Turkey,15-05-2016 20:48,0
59.13,44,106.04,Upgradable heuristic system engine,South Lisa,1,Turkey,09-06-2016 17:11,1
46.89,48,176.78,Polarized mission-critical structure,Chaseshire,1,Turkey,17-07-2016 13:22,1
43.07,36,137.63,Monitored zero administration collaboration,East Ericport,1,Turkey,11-02-2016 20:45,1
53.92,41,125.46,Business-focused transitional solution,Lake Amanda,1,Turkey,12-06-2016 11:17,1
82.52,32,198.11,Persevering exuding system engine,North Joshua,1,Turkmenistan,08-05-2016 15:38,0
37.68,52,172.83,Organic leadingedge secured line,Lake Cassandraport,1,Turkmenistan,17-02-2016 13:16,1
49.95,39,136.59,Cloned object-oriented benchmark,Millerbury,0,Turkmenistan,24-03-2016 09:12,1
81.21,36,233.04,User-friendly content-based customer loyalty,South Jaimeview,0,Turkmenistan,02-01-2016 09:30,0
87.85,34,153.01,Digitized interactive initiative,Meyerchester,0,Turkmenistan,19-03-2016 08:00,0
86.81,29,199.62,Multi-channeled scalable moratorium,Joshuaburgh,1,Turkmenistan,21-02-2016 16:57,0
35.33,32,200.22,Organized client-driven alliance,Bradleyburgh,0,Turks and Caicos Islands,05-06-2016 22:11,1
69.01,46,222.63,Advanced full-range migration,New Michaeltown,0,Turks and Caicos Islands,07-07-2016 13:37,0
69.08,41,210.6,Ergonomic client-driven application,Kimberlyhaven,0,Turks and Caicos Islands,12-03-2016 01:39,0
76.77,36,123.51,Universal even-keeled analyzer,Harveyport,0,Turks and Caicos Islands,04-05-2016 00:01,1
52.68,23,149.2,Vision-oriented attitude-oriented Internet solution,West Richard,1,Turks and Caicos Islands,16-07-2016 05:56,1
48.53,28,134.14,Ameliorated client-driven forecast,West Jeremyside,1,Tuvalu,08-02-2016 10:46,1
77.29,27,201.24,Grass-roots 4thgeneration forecast,Paulshire,1,Tuvalu,15-02-2016 03:43,0
58.03,31,129.33,User-friendly bandwidth-monitored attitude,South Jade,0,Tuvalu,29-06-2016 09:04,1
63.8,38,108.7,Adaptive demand-driven knowledgebase,Colebury,1,Tuvalu,19-03-2016 00:27,1
77.56,38,130.83,Right-sized multi-tasking solution,Port Angelamouth,1,Uganda,19-05-2016 03:52,1
39.47,43,163.48,Team-oriented systematic installation,Crawfordfurt,1,Uganda,06-07-2016 23:09,1
36.56,29,195.89,Team-oriented bi-directional secured line,West Ryan,0,Uganda,01-01-2016 15:14,1
59.05,52,118.45,Upgradable logistical flexibility,Kristinfurt,1,Uganda,23-04-2016 03:46,1
65.82,39,221.94,Reactive demand-driven capacity,Kellytown,0,Ukraine,09-02-2016 05:28,0
55.13,45,111.71,Customizable executive software,Lake Conniefurt,0,Ukraine,17-02-2016 21:55,1
82.68,33,222.77,Re-engineered exuding frame,West Courtney,1,Ukraine,20-06-2016 09:35,0
77.65,28,208.01,Configurable impactful capacity,Pamelamouth,0,Ukraine,26-02-2016 19:35,0
78.74,27,234.75,Quality-focused zero tolerance matrices,West Zacharyborough,0,Ukraine,18-06-2016 19:10,0
72.6,55,162.95,Focused intangible moderator,Port Christopherborough,0,United Arab Emirates,13-07-2016 16:12,1
77.05,27,191.14,Reduced bi-directional strategy,North Anna,0,United Arab Emirates,21-01-2016 23:48,0
79.91,32,230.18,Total zero administration software,South Stephanieport,1,United Arab Emirates,17-06-2016 03:02,0
49.84,38,135.24,Phased hybrid superstructure,Jenniferhaven,1,United Arab Emirates,18-05-2016 03:19,1
76.27,27,226.69,Total coherent superstructure,Laurieside,1,United Arab Emirates,18-06-2016 01:42,0
45.53,29,141.58,Front-line neutral alliance,North Destiny,0,United Arab Emirates,22-04-2016 22:01,1
79.94,28,225.29,Visionary reciprocal circuit,Odomville,0,United Kingdom,03-05-2016 21:19,0
60.07,42,120.75,Total user-facing hierarchy,South Vincentchester,1,United Kingdom,15-04-2016 10:16,1
47.9,42,114.53,Cross-group human-resource time-frame,East Jessefort,0,United Kingdom,24-02-2016 19:08,1
75.7,29,215.44,Profound zero administration instruction set,Port Jeffrey,0,United States Minor Outlying Islands,14-01-2016 00:23,0
36.08,45,151.47,Automated client-driven orchestration,Davidside,1,United States Minor Outlying Islands,03-07-2016 04:11,1
81.17,30,231.91,Optimized static archive,Dayton,1,United States Minor Outlying Islands,03-06-2016 07:00,0
35.21,39,154,Advanced disintermediate data-warehouse,New Timothy,1,United States Minor Outlying Islands,25-03-2016 06:36,1
55.2,39,159.46,Exclusive zero tolerance alliance,Jordantown,1,United States of America,30-05-2016 07:36,1
86.78,30,170.13,Fundamental zero tolerance solution,New Steve,1,United States of America,18-02-2016 23:08,0
43.01,35,127.37,Organized 24/7 middleware,Butlerfort,0,United States of America,11-06-2016 09:37,1
50.6,30,129.88,Realigned reciprocal framework,New Daniellefort,1,United States of America,03-05-2016 12:57,1
79.89,30,241.38,Synergized uniform hierarchy,Angelhaven,1,United States of America,30-05-2016 08:35,0
79.81,37,253.17,Realigned global initiative,Garnerberg,0,United States Virgin Islands,13-05-2016 14:12,0
74.59,23,158.35,Phased clear-thinking encoding,Lake Gerald,1,United States Virgin Islands,15-02-2016 16:52,1
68.95,51,185.85,Front-line bandwidth-monitored capacity,South Adamhaven,1,United States Virgin Islands,15-03-2016 20:19,0
53.22,44,108.85,Horizontal client-server database,Port Aprilville,0,United States Virgin Islands,26-05-2016 06:03,1
73.57,30,212.38,Pre-emptive transitional protocol,North Stephanieberg,0,Uruguay,20-03-2016 08:22,0
78.76,32,208.02,Managed attitude-oriented Internet solution,East Valerie,1,Uruguay,20-04-2016 10:04,0
75.03,34,255.57,Networked local secured line,East Mike,0,Uruguay,29-05-2016 18:12,1
78.79,32,215.29,Stand-alone background open system,Mauriceshire,1,Uruguay,21-02-2016 13:11,0
80.87,28,203.3,Ameliorated local workforce,Collinsburgh,0,Uruguay,27-02-2016 20:20,0
37.75,36,225.24,Polarized dynamic throughput,South Daniel,0,Uzbekistan,26-02-2016 19:48,1
76.58,46,258.26,Secured 24hour policy,West Sydney,0,Uzbekistan,03-01-2016 16:30,0
38.35,41,144.69,Synergistic reciprocal attitude,Loriville,1,Vanuatu,24-06-2016 08:42,1
68.25,33,198.86,Organic well-modulated database,New Jamestown,1,Vanuatu,30-05-2016 08:02,0
73.49,38,244.23,Organic 3rdgeneration encryption,Mosleyburgh,0,Vanuatu,14-02-2016 11:36,0
67.47,24,225.05,Multi-tiered heuristic strategy,Watsonfort,1,Vanuatu,20-03-2016 07:12,0
78.58,33,250.11,Centralized user-facing service-desk,Chapmanland,1,Vanuatu,16-04-2016 10:36,0
75.24,24,226.49,Vision-oriented next generation solution,South Christopher,0,Vanuatu,25-02-2016 16:33,0
52.7,34,118.6,Integrated human-resource encoding,Grahamberg,1,Venezuela,08-05-2016 12:12,1
81.03,28,201.15,Persevering tertiary capability,Masonhaven,0,Venezuela,06-01-2016 13:20,0
61.72,26,218.49,Grass-roots systematic hardware,Port Daniel,0,Venezuela,14-02-2016 07:15,0
64.75,36,117.66,Multi-tiered stable leverage,North Sarashire,0,Venezuela,06-04-2016 01:19,1
41.16,49,150.83,Configurable interactive contingency,Hendrixmouth,1,Venezuela,28-03-2016 09:15,1
72.94,31,190.84,Multi-tiered real-time implementation,Rogerland,0,Venezuela,29-04-2016 13:38,0
84.76,30,178.69,Monitored 24/7 moratorium,South Pamela,0,Venezuela,14-05-2016 23:08,0
39.85,38,145.96,Profit-focused dedicated utilization,East Stephen,0,Vietnam,03-01-2016 03:22,1
81.37,33,215.04,Enhanced regional conglomeration,New Jessicaport,0,Vietnam,15-01-2016 01:20,0
43.49,45,124.67,Synchronized full-range portal,Smithside,0,Vietnam,14-06-2016 12:08,1
56.89,37,109.29,Open-source coherent policy,Nelsonfurt,1,Wallis and Futuna,25-05-2016 00:19,1
73.95,35,238.58,Persevering even-keeled help-desk,Millerland,0,Wallis and Futuna,10-04-2016 14:48,0
74.06,23,225.99,Phased content-based middleware,Port Davidland,0,Wallis and Futuna,23-07-2016 06:18,0
80.96,39,225,Integrated leadingedge frame,New Travis,1,Wallis and Futuna,17-01-2016 04:12,0
41.49,53,169.18,Persevering reciprocal firmware,Hernandezville,0,Western Sahara,03-07-2016 09:22,1
39.56,41,143.13,Ameliorated exuding solution,Port Mitchell,1,Western Sahara,13-05-2016 11:57,1
66.14,41,165.27,Re-engineered impactful software,North Isabellaville,0,Western Sahara,23-03-2016 08:52,0
43.65,39,138.87,Business-focused background synergy,North Aaronburgh,0,Western Sahara,08-05-2016 22:24,1
75.42,26,164.25,Optional regional throughput,Millertown,1,Western Sahara,26-02-2016 17:14,0
87.16,37,231.95,Pre-emptive content-based frame,East Donnatown,1,Western Sahara,16-03-2016 20:33,0
67.51,43,127.2,Digitized homogeneous core,Lake Faith,0,Western Sahara,29-04-2016 14:10,1
50.32,40,125.65,Realigned intangible benchmark,Rochabury,0,Yemen,27-04-2016 18:25,1
77.35,34,167.26,Total bi-directional success,East Troyhaven,0,Yemen,09-03-2016 12:10,0
72.88,44,125.12,Customer-focused explicit challenge,Sarahland,0,Yemen,21-04-2016 19:56,1
51.5,34,135.31,Configurable dynamic adapter,East Vincentstad,0,Zambia,15-03-2016 11:25,1
88.72,32,211.87,Customer-focused system-worthy superstructure,East John,1,Zambia,03-01-2016 17:10,0
52.7,41,109.34,Team-oriented high-level orchestration,New Matthew,1,Zambia,31-01-2016 08:50,1
49.96,55,151.94,Multi-layered user-facing parallelism,South Cynthiashire,1,Zambia,04-04-2016 00:02,1
49.67,27,153.69,Face-to-face reciprocal methodology,Port Brian,0,Zimbabwe,09-05-2016 08:44,1
67.35,29,118.69,Sharable secondary Graphical User Interface,East Heidi,0,Zimbabwe,28-04-2016 21:58,1
56.64,29,123.24,Versatile 6thgeneration parallelism,Lake John,1,Zimbabwe,27-02-2016 08:52,1
36.91,48,159.69,Ameliorated coherent open architecture,North Samantha,0,Zimbabwe,24-02-2016 07:13,1
81.56,26,213.7,Open-source scalable protocol,Juanport,1,Zimbabwe,13-07-2016 21:31,0
83.98,36,194.62,Profit-focused secondary portal,West Gregburgh,0,Zimbabwe,24-02-2016 00:44,0
